Make,Model,Modulation,Weight(oz),L(in),W(in),H(in),Torque(which_V),Torque(oz-in),Speed(which_V),Speed(s/60deg),Motor Type,Rotation,Gear Material,Typical Price
Ace RC,DS0606,Digital,2.12,1.59,0.8,1.56,4.8,58.0,4.8,0.07,Coreless,Dual Bearings,Plastic,83.95
Ace RC,DS0606,Digital,2.12,1.59,0.8,1.56,6.0,74.0,6.0,0.06,Coreless,Dual Bearings,Plastic,83.95
Ace RC,S1807MG,Analog,1.71,1.59,0.79,1.49,4.8,95.8,4.8,0.18,(add),Dual Bearings,Metal,39.99
Airtronics,94102Z,Analog,1.59,1.54,0.79,1.42,6.0,53.0,6.0,0.16,3-pole,Bushing,Plastic,11.99
Airtronics,94112Z,Analog,1.59,1.54,0.79,1.42,6.0,56.0,6.0,0.14,3-pole,Bushing,Plastic,(add)
Airtronics,94141Z,Analog,1.16,1.42,0.59,1.29,6.0,56.0,6.0,0.16,(add),Single Bearing,Metal,59.95
Airtronics,94322Z,Analog,1.59,1.54,0.79,1.42,6.0,58.0,6.0,0.15,3-pole,Single Bearing,Plastic,14.99
Airtronics,94357Z,Analog,2.06,1.54,0.79,1.47,4.8,100.0,4.8,0.09,Coreless,Dual Bearings,Hybrid,139.95
Airtronics,94360Z,Analog,2.18,1.54,0.79,1.47,4.8,100.0,4.8,0.09,Coreless,Dual Bearings,Metal,109.95
Airtronics,94362Z,Analog,2.11,1.54,0.79,1.47,4.8,100.0,4.8,0.09,Coreless,Dual Bearings,Metal,119.95
Airtronics,94451Z,Analog,1.94,1.54,0.79,1.47,4.8,88.0,4.8,0.15,(add),Dual Bearings,Plastic,109.95
Airtronics,94452Z,Analog,2.08,1.54,0.79,1.47,4.8,77.0,4.8,0.11,Coreless,Dual Bearings,Hybrid,114.95
Airtronics,94452Z,Analog,2.08,1.54,0.79,1.47,6.0,96.0,6.0,0.09,Coreless,Dual Bearings,Hybrid,114.95
Airtronics,94453Z,Analog,2.08,1.54,0.79,1.47,4.8,99.0,4.8,0.17,(add),Dual Bearings,Hybrid,114.95
Airtronics,94558Z,Digital,0.71,1.06,0.49,1.28,6.0,54.0,6.0,0.18,(add),Bushing,Hybrid,(add)
Airtronics,94722,Digital,1.55,1.54,0.79,1.42,4.8,50.0,4.8,0.17,(add),Single Bearing,Plastic,29.99
Airtronics,94731Z,Analog,1.80,1.54,0.79,1.4,4.8,77.0,4.8,0.17,Coreless,Dual Bearings,Plastic,74.95
Airtronics,94731Z,Analog,1.80,1.54,0.79,1.4,6.0,96.0,6.0,0.14,Coreless,Dual Bearings,Plastic,74.95
Airtronics,94732Z,Analog,1.80,1.54,0.79,1.38,4.8,68.0,4.8,0.19,Coreless,Dual Bearings,(add),89.95
Airtronics,94734Z,Analog,1.73,1.46,0.79,1.38,4.8,73.0,4.8,0.4,(add),Dual Bearings,Hybrid,63.95
Airtronics,94734Z,Analog,1.73,1.46,0.79,1.38,6.0,91.0,6.0,0.32,(add),Dual Bearings,Hybrid,63.95
Airtronics,94737Z,Analog,1.94,1.54,0.79,1.38,4.8,56.0,4.8,0.15,Coreless,Dual Bearings,Hybrid,87.95
Airtronics,94737Z,Analog,1.94,1.54,0.79,1.38,6.0,70.0,6.0,0.12,Coreless,Dual Bearings,Hybrid,87.95
Airtronics,94738Z,(add),1.94,1.54,0.79,1.38,4.8,70.0,4.8,0.2,Coreless,Dual Bearings,Metal,74.95
Airtronics,94738Z,(add),1.94,1.54,0.79,1.38,6.0,88.0,6.0,0.16,Coreless,Dual Bearings,Metal,74.95
Airtronics,94739Z,Analog,1.87,1.46,0.75,1.44,4.8,74.0,4.8,0.42,(add),Dual Bearings,Hybrid,59.95
Airtronics,94739Z,Analog,1.87,1.46,0.75,1.44,6.0,93.0,6.0,0.34,(add),Dual Bearings,Hybrid,59.95
Airtronics,94742Z,(add),1.87,1.46,0.75,1.38,4.8,74.0,4.8,0.42,(add),(add),(add),44.95
Airtronics,94742Z,(add),1.87,1.46,0.75,1.38,6.0,93.0,6.0,0.34,(add),(add),(add),44.95
Airtronics,94743Z,Analog,1.80,1.54,0.79,1.38,4.8,67.0,4.8,0.19,5-pole,Dual Bearings,Hybrid,44.95
Airtronics,94743Z,Analog,1.80,1.54,0.79,1.38,6.0,84.0,6.0,0.15,5-pole,Dual Bearings,Hybrid,44.95
Airtronics,94746M,Digital,1.76,1.59,0.83,1.04,4.8,80.0,4.8,0.1,3-pole,Dual Bearings,Metal,99.99
Airtronics,94746M,Digital,1.76,1.59,0.83,1.04,6.0,89.0,6.0,0.08,3-pole,Dual Bearings,Metal,99.99
Airtronics,94751Z,Digital,1.80,1.54,0.79,1.4,4.8,73.0,4.8,0.16,Coreless,Dual Bearings,Plastic,(add)
Airtronics,94751Z,Digital,1.80,1.54,0.79,1.4,6.0,91.0,6.0,0.13,Coreless,Dual Bearings,Plastic,(add)
Airtronics,94755Z,Digital,2.04,1.54,0.79,1.4,4.8,65.0,4.8,0.14,Coreless,Dual Bearings,Hybrid,99.99
Airtronics,94755Z,Digital,2.04,1.54,0.79,1.4,6.0,81.0,6.0,0.11,Coreless,Dual Bearings,Hybrid,99.99
Airtronics,94757Z,Digital,2.04,1.54,0.79,1.4,4.8,96.0,4.8,0.09,(add),Dual Bearings,Metal,(add)
Airtronics,94758Z,Digital,2.12,1.54,0.79,1.47,4.8,92.0,4.8,0.07,Coreless,Dual Bearings,Metal,86.99
Airtronics,94761Z,Digital,0.81,1.06,0.47,1.18,4.8,55.0,4.8,0.15,3-pole,Dual Bearings,Metal,59.99
Airtronics,94761Z,Digital,0.81,1.06,0.47,1.18,6.0,66.0,6.0,0.12,3-pole,Dual Bearings,Metal,59.99
Airtronics,94762,Digital,1.94,1.54,0.79,1.61,4.8,92.0,4.8,0.22,(add),Dual Bearings,Metal,49.99
Airtronics,94771M,Digital,1.98,1.54,0.79,1.47,4.8,82.0,4.8,0.13,3-pole,Dual Bearings,Metal,108.99
Airtronics,94772M,(add),1.98,1.54,0.79,1.47,4.8,67.0,4.8,0.11,3-pole,Dual Bearings,Metal,69.99
Airtronics,94772M,(add),1.98,1.54,0.79,1.47,6.0,83.0,6.0,0.09,3-pole,Dual Bearings,Metal,69.99
Airtronics,94774,Digital,1.98,1.54,0.78,1.5,4.8,92.0,4.8,0.13,(add),Dual Bearings,Metal,84.99
Airtronics,94820,Digital,1.04,1.26,0.63,1.24,4.8,76.0,4.8,0.22,3-pole,Dual Bearings,Metal,57.99
Airtronics,94820,Digital,1.04,1.26,0.63,1.24,6.0,90.0,6.0,0.18,3-pole,Dual Bearings,Metal,57.99
Airtronics,94831Z,Analog,1.09,1.46,0.71,1.18,6.0,61.0,6.0,0.16,5-pole,Single Bearing,Hybrid,32.95
Airtronics,94921Z,(add),1.69,1.74,0.87,0.92,4.8,56.0,4.8,0.16,Coreless,(add),(add),82.95
Airtronics,94921Z,(add),1.69,1.74,0.87,0.92,6.0,70.0,6.0,0.13,Coreless,(add),(add),82.95
Airtronics,94924Z,(add),1.60,1.74,0.87,0.92,4.8,77.0,4.8,0.48,5-pole,(add),(add),74.95
Airtronics,94924Z,(add),1.60,1.74,0.87,0.92,6.0,96.0,6.0,0.38,5-pole,(add),(add),74.95
Airtronics,94930,Digital,2.15,1.59,0.83,1.5,4.8,88.0,4.8,0.13,Brushless,Dual Bearings,Metal,199.99
Airtronics,94950,Digital,2.15,1.59,0.83,1.5,4.8,100.0,4.8,0.13,Coreless,Dual Bearings,Metal,179.99
Airtronics,97738Z,Analog,1.94,1.54,0.79,1.38,4.8,70.0,4.8,0.2,(add),Dual Bearings,Hybrid,(add)
Airtronics,97738Z,Analog,1.94,1.54,0.79,1.38,6.0,88.0,6.0,0.16,(add),Dual Bearings,Hybrid,(add)
Align,DS510,Digital,0.91,1.38,0.59,1.15,4.8,51.4,4.8,0.13,Coreless,Dual Bearings,Plastic,49.99
Align,DS510,Digital,0.91,1.38,0.59,1.15,6.0,63.9,6.0,0.11,Coreless,Dual Bearings,Plastic,49.99
Align,DS510M,Digital,1.02,1.38,0.59,1.15,4.8,51.4,4.8,0.13,Coreless,Dual Bearings,Metal,62.99
Align,DS510M,Digital,1.02,1.38,0.59,1.15,6.0,63.9,6.0,0.11,Coreless,Dual Bearings,Metal,62.99
Align,DS650,Digital,1.98,1.64,0.82,1.47,4.8,55.5,4.8,0.06,Coreless,Dual Bearings,Metal,75.99
Align,DS650,Digital,1.98,1.64,0.82,1.47,6.0,69.4,6.0,0.05,Coreless,Dual Bearings,Metal,75.99
Associated Electronics,SHV1054,(add),1.67,1.59,0.79,1.49,7.4,54.0,7.4,0.15,(add),Bushing,Plastic,16.99
Associated Electronics,SHV1504MG,(add),1.81,1.59,0.79,1.49,7.4,54.0,7.4,0.15,(add),Bushing,Metal,19.94
Batan,B1211,Analog,1.76,1.55,0.76,1.52,6.0,97.2,6.0,0.18,(add),Single Bearing,Metal,(add)
Batan,B1221,Analog,1.52,1.55,0.76,1.52,6.0,62.5,6.0,0.23,(add),Single Bearing,Plastic,(add)
Batan,B1223,Analog,1.31,1.55,0.76,1.52,6.0,100.0,6.0,0.23,(add),Single Bearing,Plastic,(add)
Batan,B1225,Analog,1.31,1.55,0.76,1.52,6.0,76.4,6.0,0.18,(add),Single Bearing,Plastic,(add)
Batan,B128F,Analog,2.12,1.55,0.76,1.52,6.0,97.2,6.0,0.12,(add),Single Bearing,Metal,(add)
Batan,D122F,Digital,1.31,1.55,0.76,1.52,6.0,83.3,6.0,0.17,(add),Single Bearing,Plastic,(add)
Batan,D124F,Digital,1.76,1.55,0.76,1.52,6.0,90.3,6.0,0.17,(add),Single Bearing,Metal,(add)
Batan,D125F,Digital,1.52,1.55,0.76,1.52,6.0,55.5,6.0,0.17,(add),Single Bearing,Plastic,(add)
Batan,D126F,Digital,1.52,1.55,0.76,1.52,6.0,69.4,6.0,0.22,(add),Single Bearing,Plastic,(add)
Batan,D132F,Digital,1.52,1.55,0.76,1.52,6.0,83.3,6.0,0.14,(add),Single Bearing,Plastic,(add)
Batan,D135F,Digital,1.52,1.55,0.76,1.52,6.0,97.2,6.0,0.14,(add),Single Bearing,Plastic,(add)
Batan,S1213,Analog,1.41,1.55,0.76,1.52,6.0,62.5,6.0,0.23,(add),Bushing,Plastic,(add)
Blue Arrow,D26011,Digital,0.92,1.4,0.59,1.32,4.8,58.3,4.8,0.12,Coreless,(add),Plastic,(add)
Blue Arrow,D26011,Digital,0.92,1.4,0.59,1.32,6.0,69.4,6.0,0.11,Coreless,(add),Plastic,(add)
Blue Arrow,D26012MG,Digital,1.21,1.4,0.59,1.32,4.8,58.3,4.8,0.12,Coreless,(add),Metal,(add)
Blue Arrow,D26012MG,Digital,1.21,1.4,0.59,1.32,6.0,69.4,6.0,0.11,Coreless,(add),Metal,(add)
Blue Arrow,D50013,Digital,1.84,1.42,0.71,1.5,4.8,97.2,4.8,0.17,Coreless,(add),Plastic,(add)
Blue Arrow,S48010,Analog,1.70,1.58,0.79,1.67,4.8,62.5,4.8,0.13,(add),(add),Plastic,(add)
Blue Arrow,S48010,Analog,1.70,1.58,0.79,1.67,6.0,76.4,6.0,0.12,(add),(add),Plastic,(add)
Blue Bird,BMS-136BB,Analog,0.99,1.65,0.85,0.87,4.8,85.0,4.8,0.31,(add),Dual Bearings,Plastic,16.66
Blue Bird,BMS-136MG,Analog,1.20,1.65,0.85,0.87,4.8,85.0,4.8,0.31,(add),Dual Bearings,Metal,19.47
Blue Bird,BMS-380MAX,Analog,0.64,1.2,0.5,1.0,4.8,57.0,4.8,0.16,(add),Single Bearing,Metal,22.89
Blue Bird,BMS-380MAX,Analog,0.64,1.2,0.5,1.0,6.0,62.0,6.0,0.14,(add),Single Bearing,Metal,22.89
Blue Bird,BMS-380MG,Analog,0.58,1.2,0.5,1.0,4.8,50.0,4.8,0.15,(add),(add),Metal,19.47
Blue Bird,BMS-380MG,Analog,0.58,1.2,0.5,1.0,6.0,57.0,6.0,0.14,(add),(add),Metal,19.47
Blue Bird,BMS-385DMAX,Digital,0.59,1.0,0.5,1.0,4.8,57.0,4.8,0.15,(add),Single Bearing,Metal,34.27
Blue Bird,BMS-385DMAX,Digital,0.59,1.0,0.5,1.0,6.0,62.0,6.0,0.13,(add),Single Bearing,Metal,34.27
Blue Bird,BMS-410,Digital,1.48,1.6,0.8,1.5,6.0,60.0,6.0,0.22,(add),(add),(add),9.03
Blue Bird,BMS-555DMG,Digital,0.81,1.18,0.39,1.33,4.8,57.0,4.8,0.15,(add),(add),Metal,29.99
Blue Bird,BMS-555DMG,Digital,0.81,1.18,0.39,1.33,6.0,62.0,6.0,0.13,(add),(add),Metal,29.99
Blue Bird,BMS-555MG,Analog,0.81,1.18,0.39,1.33,4.8,57.0,4.8,0.15,(add),Single Bearing,Metal,(add)
Blue Bird,BMS-621,Analog,1.45,1.6,0.8,1.5,4.8,89.0,4.8,0.13,(add),(add),(add),15.46
Blue Bird,BMS-621,Analog,1.45,1.6,0.8,1.5,6.0,100.0,6.0,0.1,(add),(add),(add),15.46
Blue Bird,BMS-621MG,Analog,1.66,1.6,0.8,1.5,4.8,89.0,4.8,0.13,3-pole,(add),(add),20.28
Blue Bird,BMS-621MG,Analog,1.66,1.6,0.8,1.5,6.0,100.0,6.0,0.1,3-pole,(add),(add),20.28
Blue Bird,BMS-631,Analog,1.80,1.6,0.8,1.5,4.8,69.0,4.8,0.1,(add),Dual Bearings,Metal,11.76
Blue Bird,BMS-631,Analog,1.80,1.6,0.8,1.5,6.0,86.0,6.0,0.08,(add),Dual Bearings,Metal,11.76
Blue Bird,BMS-631MG,Analog,1.62,1.6,0.8,1.5,4.8,69.0,4.8,0.1,(add),Dual Bearings,Metal,25.29
Blue Bird,BMS-631MG,Analog,1.62,1.6,0.8,1.5,6.0,86.0,6.0,0.08,(add),Dual Bearings,Metal,25.29
Blue Bird,BMS-661MG+HS,Analog,1.73,1.6,0.8,1.5,4.8,69.0,4.8,0.1,(add),Dual Bearings,Metal,35.53
Blue Bird,BMS-661MG+HS,Analog,1.73,1.6,0.8,1.5,6.0,89.0,6.0,0.08,(add),Dual Bearings,Metal,35.53
Blue Bird,BMS-705,Analog,0.99,1.65,0.85,0.87,4.8,83.0,4.8,0.18,(add),Dual Bearings,(add),17.47
Blue Bird,BMS-705MG,Analog,1.27,1.65,0.85,0.87,4.8,83.0,4.8,0.18,(add),(add),Metal,22.28
Blue Bird,BMS-706,Analog,0.92,1.65,0.85,0.87,4.8,65.0,4.8,0.13,(add),Dual Bearings,(add),17.47
Blue Bird,BMS-706,Analog,0.92,1.65,0.85,0.87,6.0,73.0,6.0,0.11,(add),Dual Bearings,(add),17.47
Blue Bird,BMS-706MG,Analog,1.13,1.65,0.85,0.87,4.8,65.0,4.8,0.13,(add),(add),Metal,22.28
Blue Bird,BMS-706MG,Analog,1.13,1.65,0.85,0.87,6.0,73.0,6.0,0.11,(add),(add),Metal,22.28
Blue Bird,BMS-760DD,Digital,0.99,1.65,0.85,0.87,4.8,79.2,4.8,0.18,(add),Dual Bearings,(add),27.25
Blue Bird,BMS-760DMG,Digital,1.20,1.65,0.85,0.87,4.8,79.1,4.8,0.18,(add),Dual Bearings,Metal,33.20
Blue Bird,BMS-761DD,Digital,0.92,1.65,0.85,0.87,4.8,62.0,4.8,0.13,(add),Dual Bearings,(add),21.80
Blue Bird,BMS-761DD,Digital,0.92,1.65,0.85,0.87,6.0,75.0,6.0,0.11,(add),Dual Bearings,(add),21.80
Blue Bird,BMS-761DMG,Digital,1.13,1.65,0.85,0.87,4.8,62.0,4.8,0.13,3-pole,Dual Bearings,Metal,21.60
Blue Bird,BMS-761DMG,Digital,1.13,1.65,0.85,0.87,6.0,75.0,6.0,0.11,3-pole,Dual Bearings,Metal,21.60
Blue Bird,BMS-811DMG+HS,Digital,1.59,1.6,0.79,1.46,4.8,70.0,4.8,0.15,(add),Dual Bearings,Metal,31.12
Blue Bird,BMS-811DMG+HS,Digital,1.59,1.6,0.79,1.46,6.0,84.0,6.0,0.13,(add),Dual Bearings,Metal,31.12
Blue Bird,BMS-821DMG+HS,Digital,1.59,1.6,0.79,1.46,4.8,82.0,4.8,0.11,(add),Dual Bearings,Metal,42.36
Blue Bird,BMS-825DMG+HS,Digital,1.59,1.6,0.79,1.46,4.8,70.0,4.8,0.11,Coreless,Dual Bearings,Metal,59.16
Blue Bird,BMS-825DMG+HS,Digital,1.59,1.6,0.79,1.46,6.0,84.0,6.0,0.09,Coreless,Dual Bearings,Metal,59.16
Blue Bird,BMS-885DMAX,Digital,0.58,1.02,0.51,1.02,4.8,56.9,4.8,0.15,(add),Dual Bearings,Metal,42.50
Blue Bird,BMS-990DMG,Digital,1.59,1.6,0.83,1.0,4.8,100.0,4.8,0.11,Coreless,Single Bearing,Metal,42.24
Caster Racing,A-6650,Analog,(add),,,,4.8,83.3,,,(add),(add),(add),(add)
Cirrus,CS-35,(add),0.95,1.3,0.7,1.2,4.8,55.0,4.8,0.14,Brushed,Single Bearing,(add),24.99
Cirrus,CS-35,(add),0.95,1.3,0.7,1.2,6.0,67.0,6.0,0.11,Brushed,Single Bearing,(add),24.99
Cirrus,CS-35MG,(add),1.09,1.3,0.7,1.2,4.8,55.0,4.8,0.14,Brushed,Single Bearing,(add),32.99
Cirrus,CS-35MG,(add),1.09,1.3,0.7,1.2,6.0,67.0,6.0,0.11,Brushed,Single Bearing,(add),32.99
Cirrus,CS-401MG,(add),0.55,1.16,0.51,1.02,4.8,50.0,4.8,0.15,(add),Bushing,Metal,24.99
Cirrus,CS-401MG,(add),0.55,1.16,0.51,1.02,6.0,57.0,6.0,0.14,(add),Bushing,Metal,24.99
Cirrus,CS-501BB,(add),0.92,1.65,0.85,0.87,4.8,65.0,4.8,0.13,(add),Dual Bearings,Plastic,29.99
Cirrus,CS-501BB,(add),0.92,1.65,0.85,0.87,6.0,76.0,6.0,0.11,(add),Dual Bearings,Plastic,29.99
Cirrus,CS-502MG,(add),1.19,1.65,0.85,0.87,4.8,83.0,4.8,0.18,(add),Dual Bearings,Metal,29.99
Cirrus,CS-503RBB,(add),1.00,1.7,0.9,0.9,4.8,97.0,4.8,0.27,(add),Dual Bearings,Plastic,(add)
Cirrus,CS-59,(add),1.24,1.7,0.9,1.0,4.8,61.6,4.8,0.18,(add),Single Bearing,(add),27.99
Cirrus,CS-601BB,Analog,1.90,1.6,0.8,1.5,4.8,75.0,4.8,0.19,(add),Single Bearing,Plastic,16.95
Cirrus,CS-60BB,(add),1.58,1.6,0.79,1.49,4.8,51.4,4.8,0.14,(add),Single Bearing,(add),16.99
Cirrus,CS-60MG,(add),1.94,1.6,0.79,1.49,4.8,63.0,4.8,0.17,(add),Single Bearing,Metal,21.99
Cirrus,CS-63,(add),1.23,1.73,0.9,1.0,4.8,90.0,4.8,0.17,(add),Single Bearing,(add),32.99
Cirrus,CS-65,(add),1.73,1.6,0.8,1.5,4.8,77.0,4.8,0.16,(add),Dual Bearings,(add),29.99
Cirrus,CS-702MG,(add),1.60,1.6,0.8,1.6,4.8,86.0,4.8,0.08,(add),Dual Bearings,Metal,(add)
Cirrus,CS-75BB,(add),1.59,1.57,0.77,1.37,4.8,79.0,4.8,0.06,Coreless,Single Bearing,(add),47.99
Cirrus,CS-75MG,(add),1.59,1.57,0.77,1.37,4.8,79.0,4.8,0.06,Coreless,Dual Bearings,Metal,51.99
Corona,DS-538MG,Digital,2.05,0.79,1.58,1.52,4.8,97.0,4.8,0.14,(add),Single Bearing,Metal,9.99
CYS,BLS3310,Digital,1.59,1.38,0.59,1.29,6.0,55.6,6.0,0.05,Brushless,(add),Metal,(add)
CYS,BLS3310,Digital,1.59,1.38,0.59,1.29,7.2,69.4,7.4,0.04,Brushless,(add),Metal,(add)
CYS,BLS5107,Digital,2.19,1.58,0.8,1.55,6.0,97.2,6.0,0.06,Brushless,(add),Titanium,(add)
CYS,BLS5507,Digital,1.59,1.61,0.79,0.99,6.0,69.4,6.0,0.06,Brushless,(add),Titanium,(add)
CYS,BLS5507,Digital,1.59,1.61,0.79,0.99,7.2,83.3,7.4,0.05,Brushless,(add),Titanium,(add)
CYS,BLS5510,Digital,1.59,1.61,0.79,0.99,7.2,62.5,7.4,0.04,Brushless,(add),Titanium,(add)
CYS,BLS5511,Digital,2.05,1.61,0.79,0.99,7.2,62.5,7.4,0.04,Brushless,(add),Titanium,(add)
CYS,BLS5517,Digital,2.05,1.61,0.79,0.99,6.0,69.4,6.0,0.06,Brushless,(add),Titanium,(add)
CYS,BLS5517,Digital,2.05,1.61,0.79,0.99,7.2,83.3,7.4,0.05,Brushless,(add),Titanium,(add)
CYS,BLS5807,Digital,2.93,1.58,0.79,1.55,6.0,76.4,6.0,0.06,Brushless,(add),Metal,(add)
CYS,BLS5807,Digital,2.93,1.58,0.79,1.55,7.2,97.2,7.4,0.05,Brushless,(add),Metal,(add)
CYS,S0060,Analog,1.83,1.61,0.79,1.5,4.8,83.3,4.8,0.14,(add),(add),Metal,(add)
CYS,S0060,Analog,1.83,1.61,0.79,1.5,6.0,90.3,6.0,0.12,(add),(add),Metal,(add)
CYS,S0070,Analog,1.06,1.74,0.91,0.96,4.8,97.2,4.8,0.3,(add),(add),Plastic,(add)
CYS,S2105,Digital,2.12,1.58,0.79,1.47,6.0,55.6,6.0,0.07,Coreless,(add),Titanium,(add)
CYS,S2105,Digital,2.12,1.58,0.79,1.47,7.2,69.4,7.2,0.06,Coreless,(add),Titanium,(add)
CYS,S2107,Digital,2.12,1.58,0.79,1.47,6.0,97.2,6.0,0.08,Coreless,(add),Titanium,(add)
CYS,S2305,Digital,1.76,1.61,0.79,0.99,6.0,69.4,6.0,0.05,Coreless,(add),Titanium,(add)
CYS,S2305,Digital,1.76,1.61,0.79,0.99,7.4,90.3,7.4,0.04,Coreless,(add),Titanium,(add)
CYS,S2315,Digital,2.05,1.61,0.79,0.99,7.2,62.5,7.4,0.05,Coreless,(add),Titanium,(add)
CYS,S2318,Digital,2.05,1.61,0.79,1.01,6.0,90.3,6.0,0.07,Coreless,(add),Titanium,(add)
CYS,S2507,Digital,2.26,1.58,0.79,1.42,6.0,97.2,6.0,0.1,Coreless,(add),Titanium,(add)
CYS,S2905,Digital,2.61,1.58,0.79,1.55,6.0,69.4,6.0,0.05,Coreless,(add),Titanium,(add)
CYS,S2905,Digital,2.61,1.58,0.79,1.55,7.2,83.3,7.4,0.04,Coreless,(add),Titanium,(add)
CYS,S3006,Analog,1.41,1.61,0.79,1.5,4.8,62.5,4.8,0.14,(add),(add),Plastic,(add)
CYS,S3006,Analog,1.41,1.61,0.79,1.5,6.0,69.4,6.0,0.12,(add),(add),Plastic,(add)
CYS,S3210,Digital,1.59,1.38,0.59,1.29,6.0,69.4,6.0,0.04,Coreless,(add),Metal,(add)
CYS,S3210,Digital,1.59,1.38,0.59,1.29,7.2,83.3,7.4,0.04,Coreless,(add),Metal,(add)
CYS,S8202,Digital,0.99,1.42,0.6,1.13,4.8,55.6,4.8,0.1,(add),(add),Titanium,(add)
CYS,S8202,Digital,0.99,1.42,0.6,1.13,6.0,69.4,6.0,0.08,(add),(add),Titanium,(add)
CYS,S8204,Analog,0.95,1.19,0.39,1.4,4.8,62.5,4.8,0.14,Coreless,(add),Metal,(add)
CYS,S8204,Analog,0.95,1.19,0.39,1.4,6.0,65.3,6.0,0.12,Coreless,(add),Metal,(add)
CYS,S8205,Analog,0.95,1.19,0.39,1.4,4.8,52.8,4.8,0.12,Coreless,(add),Metal,(add)
CYS,S8205,Analog,0.95,1.19,0.39,1.4,6.0,55.6,6.0,0.1,Coreless,(add),Metal,(add)
CYS,S8219,Digital,1.76,1.58,0.79,1.44,4.8,55.6,4.8,0.08,(add),(add),Plastic,(add)
CYS,S8219,Digital,1.76,1.58,0.79,1.44,6.0,62.5,6.0,0.06,(add),(add),Plastic,(add)
CYS,S8219A,Digital,1.76,1.58,0.79,1.44,4.8,55.6,4.8,0.08,(add),(add),Titanium,(add)
CYS,S8219A,Digital,1.76,1.58,0.79,1.44,6.0,62.5,6.0,0.06,(add),(add),Titanium,(add)
DuraTrax,SX210MG,(add),2.12,1.57,0.79,1.5,4.8,76.0,4.8,0.18,(add),Dual Bearings,Metal,(add)
DuraTrax,SX210MG,(add),2.12,1.57,0.79,1.5,6.0,95.0,6.0,0.15,(add),Dual Bearings,Metal,(add)
Dymond,D2000,Digital,1.13,1.26,0.67,1.38,4.8,70.0,4.8,0.14,(add),Single Bearing,Metal,19.95
Dymond,D2500,Digital,1.13,1.26,0.67,1.38,4.8,75.0,4.8,0.14,(add),Single Bearing,Metal,24.95
Dymond,D3500,Digital,0.92,1.4,0.67,1.38,4.8,63.0,4.8,0.08,(add),Single Bearing,Metal,19.95
Dymond,D4000,Analog,1.41,1.61,0.79,1.5,4.8,65.0,4.8,0.18,(add),Single Bearing,Plastic,9.95
Dymond,D4500,Analog,1.45,1.58,0.79,1.52,4.8,77.0,4.8,0.13,(add),Single Bearing,Plastic,12.95
Dynam,B2232,Analog,1.20,2.17,0.79,1.77,6.0,56.9,6.0,0.16,(add),Single Bearing,Plastic,8.00
DYS,DYS0210,Analog,1.41,1.67,0.82,1.55,4.8,83.3,4.8,0.16,(add),Dual Bearings,Plastic,12.00
DYS,DYS0218MG,Analog,1.83,1.67,0.82,1.55,4.8,83.3,4.8,0.16,(add),Dual Bearings,Metal,(add)
DYS,DYS3003,Analog,1.31,1.67,0.82,1.47,6.0,56.9,6.0,0.23,(add),Bushing,Plastic,(add)
Eurgle,15_08a,Analog,1.52,1.69,0.91,1.11,4.8,70.0,4.8,0.33,(add),Bushing,Plastic,4.72
Eurgle,15_08a,Analog,1.52,1.69,0.91,1.11,6.0,84.0,6.0,0.3,(add),Bushing,Plastic,4.72
Eurgle,15_08b,Analog,1.52,1.69,0.91,1.11,4.8,56.0,4.8,0.25,(add),Bushing,Plastic,4.72
Eurgle,15_08b,Analog,1.52,1.69,0.91,1.11,6.0,70.0,6.0,0.2,(add),Bushing,Plastic,4.72
Eurgle,16_01,Analog,1.20,1.59,0.8,1.33,6.0,56.0,6.0,0.18,(add),Bushing,Plastic,6.03
Eurgle,16_02a,Analog,1.38,1.6,0.79,1.13,4.8,70.0,4.8,0.18,(add),Bushing,Plastic,6.37
Eurgle,16_18MB,Analog,2.03,1.69,0.91,1.53,4.8,91.0,4.8,0.25,(add),Single Bearing,Metal,12.56
Eurgle,16_18MB,Analog,2.03,1.69,0.91,1.53,6.0,98.0,6.0,0.2,(add),Single Bearing,Metal,12.56
EXI,B1221,Analog,1.52,1.54,0.76,1.52,6.0,62.5,6.0,0.23,Brushed,Single Bearing,Plastic,7.95
EXI,D122F,Digital,1.31,1.54,0.76,1.52,6.0,83.3,6.0,0.17,Brushed,Single Bearing,Plastic,12.95
EXI,D124F,Digital,1.76,1.54,0.76,1.52,6.0,90.3,6.0,0.17,Brushed,Single Bearing,Metal,17.95
EXI,D125F,Digital,1.52,1.54,0.76,1.52,6.0,69.4,6.0,0.22,Brushed,Single Bearing,Plastic,12.95
EXI,D126F,Digital,1.52,1.54,0.76,1.52,6.0,55.5,6.0,0.17,Brushed,Single Bearing,Plastic,12.95
Expert,SL571,(add),1.35,1.51,0.73,1.37,4.8,62.0,4.8,0.21,(add),Single Bearing,(add),17.95
Expert,SL680,(add),1.03,1.74,0.89,0.92,4.8,88.6,4.8,0.42,(add),(add),(add),23.95
FeeTech,FS4351M,Digital,1.06,1.39,0.59,1.19,6.0,59.8,6.0,0.06,Coreless,Dual Bearings,Metal,(add)
FeeTech,FS4361M,Digital,1.06,1.39,0.59,1.19,4.8,70.9,4.8,0.1,Coreless,Dual Bearings,Metal,(add)
FeeTech,FS4361M,Digital,1.06,1.39,0.59,1.19,6.0,87.6,6.0,0.08,Coreless,Dual Bearings,Metal,(add)
FeeTech,FS5106B,Analog,1.41,1.61,0.79,1.5,4.8,69.6,4.8,0.18,Brushed,Dual Bearings,Plastic,(add)
FeeTech,FS5106B,Analog,1.41,1.61,0.79,1.5,6.0,83.5,6.0,0.16,Brushed,Dual Bearings,Plastic,(add)
FeeTech,FS5106M,Analog,1.83,1.61,0.79,1.5,4.8,83.5,4.8,0.18,Brushed,Dual Bearings,Metal,(add)
FeeTech,FS5106R,Analog,1.41,1.61,0.79,1.5,4.8,69.6,4.8,0.18,Brushed,Dual Bearings,Plastic,(add)
FeeTech,FS5106R,Analog,1.41,1.61,0.79,1.5,6.0,83.5,6.0,0.16,Brushed,Dual Bearings,Plastic,(add)
FeeTech,FS9357D,Digital,0.95,1.43,0.6,1.14,6.0,52.9,6.0,0.07,Coreless,Dual Bearings,Plastic,(add)
FMA Direct,DS300BB,Digital,1.60,1.59,0.79,1.4,6.0,50.0,6.0,0.16,(add),Dual Bearings,Plastic,19.95
FMA Direct,DS300BB,Digital,1.60,1.59,0.79,1.4,8.4,60.0,8.4,0.13,(add),Dual Bearings,Plastic,19.95
FMA Direct,DS300BB,Digital,1.60,1.59,0.79,1.4,12.6,70.0,12.6,0.12,(add),Dual Bearings,Plastic,19.95
FMA Direct,DS300MBB,Digital,2.00,1.59,0.79,1.4,6.0,50.0,6.0,0.16,(add),Dual Bearings,Metal,24.95
FMA Direct,PS500BB,(add),2.08,1.59,0.79,1.59,4.8,63.0,4.8,0.15,(add),Dual Bearings,Plastic,29.95
FMA Direct,PS500BB,(add),2.08,1.59,0.79,1.59,6.0,78.0,6.0,0.13,(add),Dual Bearings,Plastic,29.95
FMA Direct,PS500MBB,(add),2.42,1.59,0.79,1.59,4.8,63.0,4.8,0.15,(add),Dual Bearings,Metal,33.95
FMA Direct,PS500MBB,(add),2.42,1.59,0.79,1.59,6.0,78.0,6.0,0.13,(add),Dual Bearings,Metal,33.95
FMA Direct,PS705MBB,(add),2.42,1.59,0.79,1.59,4.8,85.0,4.8,0.24,(add),Dual Bearings,Metal,33.95
FMA Direct,S350,(add),1.69,1.6,0.8,1.5,4.8,50.0,4.8,0.21,(add),(add),(add),17.95
FMA Direct,S3501,(add),1.73,1.6,0.8,1.5,4.8,83.0,4.8,0.1,Coreless,(add),(add),44.95
FMA Direct,S3501M,(add),1.83,1.6,0.8,1.5,4.8,83.0,4.8,0.1,Coreless,Dual Bearings,Metal,47.95
FMA Direct,S350M,(add),1.95,1.6,0.8,1.5,4.8,50.0,4.8,0.21,(add),(add),(add),19.95
FMA Direct,S3551,(add),1.73,1.6,0.8,1.7,4.8,98.0,4.8,0.16,Coreless,Dual Bearings,(add),44.95
FMA Direct,S3551M,(add),1.83,1.6,0.8,1.7,4.8,98.0,4.8,0.16,Coreless,Dual Bearings,Metal,47.95
FMA Direct,S360,(add),1.69,1.6,0.8,1.7,4.8,81.0,4.8,0.19,(add),Dual Bearings,(add),19.95
FMA Direct,S360M,(add),2.00,1.6,0.8,1.7,4.8,81.0,4.8,0.19,(add),Dual Bearings,Metal,21.95
FMA Direct,S600,(add),1.13,1.78,0.89,0.97,4.8,100.0,4.8,0.5,(add),(add),(add),24.95
Futaba,BLS-A600,(add),0.99,1.07,0.51,1.2,6.6,83.3,6.6,0.1,Brushless,(add),(add),169.99
Futaba,BLS-A600,(add),0.99,1.07,0.51,1.2,7.4,93.0,7.4,0.09,Brushless,(add),(add),169.99
Futaba,BLS-CM600,(add),0.99,1.07,0.51,1.2,6.0,74.9,6.0,0.11,Brushless,(add),Plastic,159.99
Futaba,BLS-CM600,(add),0.99,1.07,0.51,1.2,7.4,93.0,7.4,0.09,Brushless,(add),Plastic,159.99
Futaba,BLS153,Digital,0.92,1.4,0.59,1.13,4.8,76.4,4.8,0.15,Brushless,Dual Bearings,Plastic,119.99
Futaba,BLS153,Digital,0.92,1.4,0.59,1.13,6.0,97.2,6.0,0.12,Brushless,Dual Bearings,Plastic,119.99
Futaba,BLS173SV,Digital,0.99,1.3,0.59,1.07,6.0,86.0,6.0,0.12,Brushless,Dual Bearings,Metal,149.99
Futaba,BLS173SV,Digital,0.99,1.3,0.59,1.07,6.6,94.5,6.6,0.11,Brushless,Dual Bearings,Metal,149.99
Futaba,BLS173SVi,Digital,0.99,1.3,0.59,1.06,6.0,86.0,6.0,0.12,Brushless,Dual Bearings,Metal,139.99
Futaba,BLS173SVi,Digital,0.99,1.3,0.59,1.06,6.6,94.0,6.6,0.11,Brushless,Dual Bearings,Metal,139.99
Futaba,BLS251,Digital,2.10,1.57,0.79,1.45,4.8,53.0,4.8,0.06,Brushless,Dual Bearings,Metal,149.99
Futaba,BLS251SB,Digital,2.12,1.57,0.79,1.45,4.8,52.8,4.8,0.06,Brushless,Dual Bearings,Metal,169.99
Futaba,BLS254,Digital,1.80,1.57,0.79,1.45,4.8,53.0,4.8,0.06,Brushless,Dual Bearings,(add),85.00
Futaba,BLS256HV,Digital,2.15,1.58,0.79,1.45,6.0,61.1,6.0,0.06,Brushless,Dual Bearings,Plastic,(add)
Futaba,BLS256HV,Digital,2.15,1.58,0.79,1.45,7.4,69.5,7.4,0.05,Brushless,Dual Bearings,Plastic,(add)
Futaba,BLS274SV,Digital,1.87,1.58,0.79,1.46,6.0,56.0,6.0,0.06,Brushless,Dual Bearings,Plastic,154.99
Futaba,BLS274SV,Digital,1.87,1.58,0.79,1.46,7.4,70.0,7.4,0.05,Brushless,Dual Bearings,Plastic,154.99
Futaba,BLS274SV,Digital,1.87,1.58,0.79,1.46,6.6,61.0,6.6,0.06,Brushless,Dual Bearings,Plastic,154.99
Futaba,BLS276SV,Digital,2.12,1.57,0.79,1.45,6.0,56.0,6.0,0.06,Brushless,Dual Bearings,Metal,179.99
Futaba,BLS276SV,Digital,2.12,1.57,0.79,1.45,7.4,69.5,7.4,0.05,Brushless,Dual Bearings,Metal,179.99
Futaba,BLS276SV,Digital,2.12,1.57,0.79,1.45,6.6,61.1,6.6,0.06,Brushless,Dual Bearings,Metal,179.99
Futaba,BLS651,Digital,0.92,1.42,0.59,1.1,4.8,76.0,4.8,0.15,Brushless,(add),(add),(add)
Futaba,BLS651,Digital,0.92,1.42,0.59,1.1,6.0,97.0,6.0,0.12,Brushless,(add),(add),(add)
Futaba,BLS671SV,Digital,0.99,1.3,0.59,1.06,6.0,93.0,6.0,0.2,Brushless,Dual Bearings,Metal,159.99
Futaba,BLS671SV,Digital,0.99,1.3,0.59,1.06,6.6,54.0,6.6,0.11,Brushless,Dual Bearings,Metal,159.99
Futaba,BLS671SVi,Digital,0.99,1.3,0.59,1.06,6.0,93.0,6.0,0.12,Brushless,Dual Bearings,Metal,169.99
Futaba,RS301CR-F1,Digital,0.99,1.41,0.77,0.98,7.4,98.6,7.4,0.11,Coreless,Dual Bearings,Metal,104.99
Futaba,RS301CR-F2,Digital,0.99,1.41,0.77,0.98,7.4,98.6,7.4,0.11,(add),(add),Metal,104.99
Futaba,RS302CD-F1,Digital,0.74,1.45,0.77,0.98,7.4,69.4,7.4,0.16,(add),(add),Metal,69.99
Futaba,RS302CD-F2,Digital,0.74,1.45,0.77,0.98,7.4,69.4,7.4,0.16,(add),(add),Metal,69.99
Futaba,S-A400,Digital,1.62,1.59,0.79,1.0,6.0,100.0,6.0,0.09,(add),(add),Metal,129.99
Futaba,S-C400,Digital,1.52,1.94,0.78,1.0,6.0,91.6,6.0,0.1,(add),(add),(add),119.99
Futaba,S-U300,Digital,1.26,1.6,0.8,1.4,6.0,56.9,6.0,0.19,3-pole,(add),Plastic,12.99
Futaba,S-U301,Digital,1.27,1.59,0.79,1.42,7.4,54.2,7.4,0.16,3-pole,(add),Plastic,24.99
Futaba,S-U305,Digital,1.64,1.57,0.79,1.5,4.8,98.6,4.8,0.23,(add),(add),Metal,39.99
Futaba,S-U306,Digital,1.64,1.57,0.79,1.5,4.8,98.6,4.8,0.23,(add),(add),Metal,44.99
Futaba,S-U400,Digital,1.38,1.59,0.79,1.5,6.6,98.6,6.6,0.14,3-pole,(add),Plastic,29.99
Futaba,S136G,Analog,1.48,1.81,0.91,0.98,4.8,60.1,4.8,0.6,3-pole,Dual Bearings,Plastic,49.99
Futaba,S136G,Analog,1.48,1.81,0.91,0.98,6.0,76.3,6.0,0.5,3-pole,Dual Bearings,Plastic,49.99
Futaba,S3003,Analog,1.31,1.57,0.79,1.42,6.0,57.0,6.0,0.19,(add),Bushing,Plastic,11.99
Futaba,S3004,Analog,1.31,1.57,0.79,1.42,6.0,57.0,6.0,0.19,3-pole,Single Bearing,Plastic,12.99
Futaba,S3010,Analog,1.45,1.57,0.79,1.5,4.8,72.0,4.8,0.2,3-pole,Single Bearing,Plastic,24.99
Futaba,S3010,Analog,1.45,1.57,0.79,1.5,6.0,90.0,6.0,0.16,3-pole,Single Bearing,Plastic,24.99
Futaba,S3014,(add),1.45,1.57,0.79,1.5,6.0,90.0,6.0,0.16,(add),(add),(add),(add)
Futaba,S3016,Analog,1.20,1.22,0.63,1.21,6.0,58.3,6.0,0.2,3-pole,Dual Bearings,Metal,75.99
Futaba,S3050,Digital,1.73,1.57,0.79,1.5,4.8,72.0,4.8,0.2,3-pole,Dual Bearings,Metal,51.00
Futaba,S3050,Digital,1.73,1.57,0.79,1.5,6.0,90.0,6.0,0.16,3-pole,Dual Bearings,Metal,51.00
Futaba,S3070HV,Digital,1.73,1.58,0.79,1.5,6.0,72.0,6.0,0.19,3-pole,Dual Bearings,Metal,59.99
Futaba,S3070HV,Digital,1.73,1.58,0.79,1.5,7.4,90.0,7.4,0.15,3-pole,Dual Bearings,Metal,59.99
Futaba,S3070HV,Digital,1.73,1.58,0.79,1.5,6.6,81.0,6.6,0.17,3-pole,Dual Bearings,Metal,59.99
Futaba,S3072HV,Digital,1.48,1.57,0.79,1.5,6.0,72.0,6.0,0.19,3-pole,Single Bearing,Plastic,39.99
Futaba,S3072HV,Digital,1.48,1.57,0.79,1.5,7.4,90.0,7.4,0.15,3-pole,Single Bearing,Plastic,39.99
Futaba,S3072HV,Digital,1.48,1.57,0.79,1.5,6.6,81.0,6.6,0.17,3-pole,Single Bearing,Plastic,39.99
Futaba,S3073HV,Digital,1.45,1.61,0.79,1.42,7.4,54.0,7.4,0.16,3-pole,Single Bearing,Plastic,34.99
Futaba,S3102,Analog,0.74,1.1,0.51,1.17,4.8,51.4,4.8,0.25,3-pole,Bushing,Metal,36.99
Futaba,S3150,Digital,0.81,1.18,0.43,1.14,4.8,51.4,4.8,0.24,Coreless,Dual Bearings,Metal,59.99
Futaba,S3151,Digital,1.48,1.61,0.79,1.42,6.0,54.0,6.0,0.17,3-pole,Single Bearing,Plastic,29.99
Futaba,S3152,Digital,1.45,1.57,0.79,1.5,4.8,70.0,4.8,0.22,Coreless,Single Bearing,Plastic,21.99
Futaba,S3152,Digital,1.45,1.57,0.79,1.5,6.0,87.0,6.0,0.18,Coreless,Single Bearing,Plastic,21.99
Futaba,S3170G,Digital,0.92,1.36,0.63,1.02,4.8,97.2,4.8,0.57,(add),Dual Bearings,Metal,84.44
Futaba,S3171SB,Digital,0.71,1.18,0.43,1.14,4.8,51.0,4.8,0.24,3-pole,Dual Bearings,Metal,(add)
Futaba,S3172SV,Digital,0.71,1.18,0.43,1.14,7.4,57.0,7.4,0.23,3-pole,Dual Bearings,Metal,54.99
Futaba,S3172SV,Digital,0.71,1.18,0.43,1.14,6.6,51.0,6.6,0.26,3-pole,Dual Bearings,Metal,54.99
Futaba,S3173SVi,Digital,0.73,1.18,0.43,1.15,7.4,60.0,7.4,0.16,3-pole,Dual Bearings,Metal,75.99
Futaba,S3173SVi,Digital,0.73,1.18,0.43,1.15,6.6,54.2,6.6,0.18,3-pole,Dual Bearings,Metal,75.99
Futaba,S3174SV,Digital,0.74,1.18,0.43,1.14,7.4,60.0,7.4,0.16,3-pole,Dual Bearings,Metal,64.99
Futaba,S3174SV,Digital,0.74,1.18,0.43,1.14,6.6,54.0,6.6,0.18,3-pole,Dual Bearings,Metal,64.99
Futaba,S3176SV,(add),0.95,1.41,0.77,0.98,6.6,62.5,6.6,0.17,(add),(add),(add),59.99
Futaba,S3176SV,(add),0.95,1.41,0.77,0.98,7.4,70.8,7.4,0.16,(add),(add),(add),59.99
Futaba,S3302,Analog,3.63,2.32,1.14,1.97,4.8,89.0,4.8,0.24,3-pole,Dual Bearings,Hybrid,54.99
Futaba,S3305,Analog,1.66,1.57,0.79,1.5,4.8,99.0,4.8,0.25,3-pole,Dual Bearings,Metal,31.99
Futaba,S9001,Analog,1.69,1.57,0.79,1.42,4.8,54.0,4.8,0.22,Coreless,Single Bearing,Plastic,44.99
Futaba,S9001,Analog,1.69,1.57,0.79,1.42,6.0,72.0,6.0,0.18,Coreless,Single Bearing,Plastic,44.99
Futaba,S9070,Digital,1.13,1.41,0.77,0.98,4.8,63.0,4.8,0.18,Brushless,Dual Bearings,Metal,89.99
Futaba,S9070,Digital,1.13,1.41,0.77,0.98,6.0,76.0,6.0,0.15,Brushless,Dual Bearings,Metal,89.99
Futaba,S9070,Digital,1.13,1.41,0.77,0.98,7.2,95.0,7.2,0.12,Brushless,Dual Bearings,Metal,89.99
Futaba,S9070SB,Digital,1.13,1.41,0.77,0.98,6.0,76.4,6.0,0.15,Coreless,Dual Bearings,Metal,(add)
Futaba,S9070SB,Digital,1.13,1.41,0.77,0.98,7.4,94.5,7.4,0.12,Coreless,Dual Bearings,Metal,(add)
Futaba,S9071SB,Digital,0.88,1.4,0.59,1.13,4.8,53.0,4.8,0.15,Coreless,Dual Bearings,Plastic,(add)
Futaba,S9071SB,Digital,0.88,1.4,0.59,1.13,6.0,64.0,6.0,0.11,Coreless,Dual Bearings,Plastic,(add)
Futaba,S9072SB,Digital,2.01,1.58,0.79,1.44,4.8,97.0,4.8,0.12,Coreless,Dual Bearings,Plastic,(add)
Futaba,S9102,Analog,1.69,1.57,0.79,1.42,6.0,50.0,6.0,0.13,Coreless,Dual Bearings,Plastic,89.99
Futaba,S9150,Digital,1.87,1.89,1.06,0.98,4.8,81.0,4.8,0.18,Coreless,Dual Bearings,Plastic,(add)
Futaba,S9154,Digital,1.87,1.89,1.06,0.98,4.8,64.0,4.8,0.14,Coreless,(add),Plastic,(add)
Futaba,S9170SV,Digital,1.13,1.42,0.79,0.98,6.0,76.0,6.0,0.15,Coreless,Dual Bearings,Metal,119.99
Futaba,S9170SV,Digital,1.13,1.42,0.79,0.98,7.4,94.0,7.4,0.12,Coreless,Dual Bearings,Metal,119.99
Futaba,S9170SV,Digital,1.13,1.42,0.79,0.98,6.6,83.0,6.6,0.13,Coreless,Dual Bearings,Metal,119.99
Futaba,S9201,Analog,1.70,1.59,0.79,1.4,6.0,69.5,6.0,0.22,Coreless,Dual Bearings,Plastic,(add)
Futaba,S9202,Analog,1.76,1.59,0.79,1.4,4.8,56.0,4.8,0.27,Coreless,Dual Bearings,Plastic,54.99
Futaba,S9202,Analog,1.76,1.59,0.79,1.4,6.0,69.0,6.0,0.22,Coreless,Dual Bearings,Plastic,54.99
Futaba,S9203,Analog,1.90,1.59,0.79,1.48,4.8,76.4,4.8,0.11,Coreless,Dual Bearings,(add),(add)
Futaba,S9205,(add),1.90,1.59,0.79,1.48,4.8,76.4,4.8,0.11,(add),(add),Metal,99.99
Futaba,S9250,Digital,1.90,1.61,0.79,1.5,4.8,76.0,4.8,0.11,Coreless,Dual Bearings,Metal,106.99
Futaba,S9251,Digital,2.01,1.57,0.79,1.46,4.8,51.0,4.8,0.07,Coreless,Dual Bearings,Metal,124.99
Futaba,S9252,Digital,1.76,1.57,0.79,1.46,4.8,92.0,4.8,0.14,Coreless,Dual Bearings,Plastic,89.99
Futaba,S9303,Analog,2.30,1.59,0.79,1.55,4.8,99.0,4.8,0.19,Coreless,(add),Metal,(add)
Futaba,S9304,(add),1.80,1.59,0.79,1.4,4.8,56.4,4.8,0.28,Coreless,(add),(add),64.99
Futaba,S9304,(add),1.80,1.59,0.79,1.4,6.0,69.5,6.0,0.22,Coreless,(add),(add),64.99
Futaba,S9402,Analog,1.94,1.61,0.79,1.5,4.8,89.0,4.8,0.12,Coreless,Dual Bearings,Metal,99.99
Futaba,S9404,Analog,1.94,1.54,0.79,1.47,4.8,79.2,4.8,0.11,Coreless,Dual Bearings,Metal,114.99
Futaba,S9405,Analog,1.94,1.61,0.79,1.5,4.8,80.0,4.8,0.13,Coreless,Dual Bearings,Metal,89.99
Futaba,S9405,Analog,1.94,1.61,0.79,1.5,6.0,100.0,6.0,0.11,Coreless,Dual Bearings,Metal,89.99
Futaba,S9450,Digital,1.94,1.59,0.79,1.48,4.8,88.8,4.8,0.1,Coreless,(add),Metal,129.99
Futaba,S9451,Digital,1.98,1.58,0.79,1.42,4.8,97.0,4.8,0.12,Coreless,Dual Bearings,Metal,69.97
Futaba,S9550,(add),1.55,1.59,0.82,1.0,4.8,66.6,4.8,0.11,Coreless,(add),Metal,119.99
Futaba,S9550,(add),1.55,1.59,0.82,1.0,6.0,83.3,6.0,0.09,Coreless,(add),Metal,119.99
Futaba,S9551,Digital,1.59,1.61,0.79,0.98,4.8,98.0,4.8,0.14,Coreless,Dual Bearings,Metal,84.99
Futaba,S9570SV,Digital,1.52,1.61,0.79,0.98,4.8,73.0,4.8,0.11,Coreless,Dual Bearings,Plastic,99.99
Futaba,S9570SV,Digital,1.52,1.61,0.79,0.98,6.0,92.0,6.0,0.1,Coreless,Dual Bearings,Plastic,99.99
Futaba,S9570SV,Digital,1.52,1.61,0.79,0.98,6.6,100.0,6.6,0.09,Coreless,Dual Bearings,Plastic,99.99
Futaba,S9650,Digital,0.92,1.42,0.59,1.14,4.8,50.0,4.8,0.14,Coreless,Dual Bearings,Plastic,59.99
Futaba,S9650,Digital,0.92,1.42,0.59,1.14,6.0,63.0,6.0,0.11,Coreless,Dual Bearings,Plastic,59.99
Futaba,S9670SV,Digital,0.85,1.42,0.59,1.14,6.0,65.0,6.0,0.11,Coreless,Dual Bearings,Plastic,69.99
Futaba,S9670SV,Digital,0.85,1.42,0.59,1.14,7.4,76.0,7.4,0.09,Coreless,Dual Bearings,Plastic,69.99
Futaba,S9670SV,Digital,0.85,1.42,0.59,1.14,6.6,69.0,6.6,0.1,Coreless,Dual Bearings,Plastic,69.99
Graupner,C 3341,Analog,1.06,1.3,0.59,1.3,4.8,70.0,4.8,0.14,(add),Single Bearing,Plastic,47.99
Graupner,C 351,Analog,0.88,1.1,0.51,1.18,4.8,51.0,4.8,0.15,(add),Bushing,Metal,55.99
Graupner,C 4041,Analog,1.52,1.54,0.75,1.65,4.8,70.0,4.8,0.15,5-pole,Single Bearing,Plastic,50.99
Graupner,C 5077,Analog,1.31,1.54,0.75,1.46,4.8,70.0,4.8,0.12,(add),Single Bearing,Plastic,16.99
Graupner,C 5191,Analog,1.41,1.54,0.75,1.46,4.8,78.0,4.8,0.12,(add),Single Bearing,Metal,28.99
Graupner,C 577,Analog,1.48,1.5,0.75,1.46,4.8,50.0,4.8,0.15,(add),Bushing,Plastic,11.99
Graupner,C 713,Analog,1.20,1.73,0.87,0.94,6.0,86.0,6.0,0.27,(add),Bushing,Plastic,47.99
Graupner,C 7421,Analog,1.16,1.73,0.87,0.94,4.8,56.0,4.8,0.15,(add),Dual Bearings,Plastic,83.99
Graupner,DES 448,Digital,0.67,1.24,0.37,1.3,4.8,58.3,4.8,0.18,(add),Dual Bearings,Metal,59.71
Graupner,DES 448,Digital,0.67,1.24,0.37,1.3,6.0,65.3,6.0,0.15,(add),Dual Bearings,Metal,59.71
Graupner,DES 567,Digital,0.67,1.16,0.47,1.16,4.8,80.7,4.8,0.2,(add),Bushing,Metal,59.79
Graupner,DES 567,Digital,0.67,1.16,0.47,1.16,6.0,97.7,6.0,0.15,(add),Bushing,Metal,59.79
Graupner,DES 585,Digital,0.67,1.16,0.51,1.22,4.8,60.9,4.8,0.2,(add),Single Bearing,Plastic,43.33
Graupner,DES 585,Digital,0.67,1.16,0.51,1.22,6.0,70.8,6.0,0.15,(add),Single Bearing,Plastic,43.33
Graupner,DES 586,Digital,0.71,1.16,0.51,1.22,4.8,76.5,4.8,0.2,(add),Single Bearing,Plastic,43.33
Graupner,DES 586,Digital,0.71,1.16,0.51,1.22,6.0,86.4,6.0,0.17,(add),Single Bearing,Plastic,43.33
Graupner,DES 587,Digital,0.71,1.16,0.51,1.22,4.8,75.0,4.8,0.2,(add),Single Bearing,Metal,59.79
Graupner,DES 587,Digital,0.71,1.16,0.51,1.22,6.0,85.0,6.0,0.17,(add),Single Bearing,Metal,59.79
Graupner,DES 657,Digital,0.78,1.26,0.63,1.3,4.8,73.6,4.8,0.2,(add),Dual Bearings,Plastic,42.50
Graupner,DES 657,Digital,0.78,1.26,0.63,1.3,6.0,90.6,6.0,0.17,(add),Dual Bearings,Plastic,42.50
Graupner,DES 658,Digital,0.92,1.26,0.63,1.3,4.8,83.5,4.8,0.2,(add),Dual Bearings,Metal,54.63
Graupner,DES 658,Digital,0.92,1.26,0.63,1.3,6.0,99.1,6.0,0.17,(add),Dual Bearings,Metal,54.63
Graupner,DES 675,Digital,0.85,1.26,0.63,1.3,4.8,80.7,4.8,0.21,(add),Dual Bearings,Plastic,47.82
Graupner,DES 676,Digital,0.92,1.26,0.63,1.3,4.8,52.4,4.8,0.14,(add),Dual Bearings,Plastic,51.63
Graupner,DES 676,Digital,0.92,1.26,0.63,1.3,6.0,62.3,6.0,0.11,(add),Dual Bearings,Plastic,51.63
Graupner,DES 678,Digital,0.99,1.26,0.63,1.3,4.8,86.4,4.8,0.21,(add),Dual Bearings,Metal,59.79
Graupner,DES 805,Digital,1.62,1.57,0.77,1.57,4.8,99.1,4.8,0.12,(add),Dual Bearings,Plastic,52.31
Graupner,DES 807,Digital,1.87,1.57,0.77,1.57,4.8,93.5,4.8,0.12,Brushed,Dual Bearings,Metal,65.78
Graupner,DES 808,Digital,1.87,1.57,0.77,1.57,6.0,59.5,6.0,0.06,(add),Dual Bearings,Metal,65.78
Graupner,DS 292 MG,Digital,0.39,0.85,0.43,0.83,4.8,79.3,4.8,0.17,(add),Bushing,Metal,(add)
Graupner,DS 3210,Digital,0.85,1.18,0.39,1.34,4.8,50.0,4.8,0.13,(add),Bushing,Metal,91.99
Graupner,DS 3288,Digital,0.76,1.18,0.43,1.14,4.8,90.6,4.8,0.17,(add),Dual Bearings,Metal,60.00
Graupner,DS 3328,Digital,0.88,1.3,0.59,1.3,4.8,53.0,4.8,0.17,(add),Dual Bearings,Plastic,59.99
Graupner,DS 5391,Digital,1.27,1.54,0.75,1.54,4.8,67.0,4.8,0.14,(add),Single Bearing,Metal,37.99
Graupner,DS 5491,Digital,1.62,1.54,0.75,1.54,4.8,64.0,4.8,0.14,(add),Single Bearing,Metal,43.99
Graupner,DS 8025,Digital,1.29,1.54,0.75,1.54,4.8,68.0,4.8,0.07,(add),Single Bearing,Plastic,58.99
Graupner,DS 8041,Digital,1.48,1.54,0.75,1.54,4.8,61.0,4.8,0.12,(add),Single Bearing,Plastic,53.99
Graupner,DS 8081,Digital,1.45,1.5,0.75,1.57,4.8,79.0,4.8,0.12,(add),Single Bearing,Plastic,34.99
Graupner,DS 8086,Digital,1.59,1.52,0.75,1.57,4.8,79.3,4.8,0.18,(add),Single Bearing,Metal,(add)
Graupner,DS 8086,Digital,1.59,1.52,0.75,1.57,6.0,99.1,6.0,0.15,(add),Single Bearing,Metal,(add)
Graupner,DS 8417,Digital,1.98,1.54,0.75,1.54,4.8,70.0,4.8,0.06,(add),Dual Bearings,Metal,132.99
Graupner,DS 8700 G,Digital,2.19,1.54,0.75,1.54,4.8,56.0,4.8,0.05,(add),Dual Bearings,Metal,193.99
Graupner,DS 8900G,Digital,2.15,1.59,0.83,1.57,6.0,65.1,6.0,0.05,(add),Dual Bearings,Plastic,(add)
Graupner,Regatta,(add),3.17,1.81,1.65,0.91,4.8,75.0,4.8,0.17,(add),Single Bearing,Metal,218.50
Graupner,Regatta Eco,(add),2.47,1.81,1.65,0.91,6.0,63.7,6.0,0.2,(add),(add),Metal,118.53
GWS,HPXF Park,Analog,0.66,1.21,0.64,1.12,6.0,50.0,6.0,0.05,(add),(add),(add),14.88
GWS,Micro 2BBMG,Analog,0.94,1.1,0.55,1.17,4.8,75.0,4.8,0.17,(add),Dual Bearings,Metal,19.25
GWS,Micro 2BBMG,Analog,0.94,1.1,0.55,1.17,6.0,89.0,6.0,0.14,(add),Dual Bearings,Metal,19.25
GWS,Micro D,Digital,0.99,1.1,0.55,1.17,4.8,81.0,4.8,0.14,(add),Single Bearing,Metal,(add)
GWS,Micro D,Digital,0.99,1.1,0.55,1.17,6.0,93.0,6.0,0.12,(add),Single Bearing,Metal,(add)
GWS,Micro MG,Analog,0.99,1.1,0.55,1.18,4.8,67.0,4.8,0.17,(add),(add),(add),(add)
GWS,Micro MG,Analog,0.99,1.1,0.55,1.18,6.0,83.0,6.0,0.14,(add),(add),(add),(add)
GWS,Mini,Analog,0.95,1.38,0.67,1.26,6.0,58.0,6.0,0.15,(add),(add),(add),10.50
GWS,Mini L,Analog,0.85,1.38,0.67,1.06,4.8,50.0,4.8,0.14,(add),Bushing,(add),(add)
GWS,Naro Super D,Digital,0.67,1.06,0.5,0.97,4.8,50.0,4.8,0.08,(add),Single Bearing,Metal,23.00
GWS,Naro Super D,Digital,0.67,1.06,0.5,0.97,6.0,56.0,6.0,0.07,(add),Single Bearing,Metal,23.00
GWS,Naro Super SD,Digital,0.67,1.06,0.5,0.97,4.8,62.0,4.8,0.1,(add),Single Bearing,Metal,(add)
GWS,Naro Super SD,Digital,0.67,1.06,0.5,0.97,6.0,69.0,6.0,0.08,(add),Single Bearing,Metal,(add)
GWS,Park HPX,Analog,0.67,1.21,0.63,1.12,4.8,58.0,4.8,0.1,(add),(add),(add),(add)
GWS,Park HPX,Analog,0.67,1.21,0.63,1.12,6.0,67.0,6.0,0.08,(add),(add),(add),(add)
GWS,Park HPX F,Analog,0.67,1.21,0.63,1.12,6.0,50.0,6.0,0.05,(add),(add),(add),(add)
GWS,S03N,Analog,1.45,1.56,0.79,1.4,6.0,56.0,6.0,0.18,(add),(add),(add),(add)
GWS,S03N 2BBMG,Analog,2.26,1.56,0.79,1.4,4.8,100.0,4.8,0.33,(add),Dual Bearings,Metal,(add)
GWS,S03NF 2BBMG,Analog,2.26,1.56,0.79,1.4,4.8,81.0,4.8,0.27,(add),Dual Bearings,Metal,(add)
GWS,S03NF 2BBMG,Analog,2.26,1.56,0.79,1.4,6.0,90.0,6.0,0.22,(add),Dual Bearings,Metal,(add)
GWS,S03NXF 2BBMG,Analog,2.26,1.56,0.79,1.4,4.8,70.0,4.8,0.21,(add),Dual Bearings,Metal,(add)
GWS,S03NXF 2BBMG,Analog,2.26,1.56,0.79,1.4,6.0,86.0,6.0,0.17,(add),Dual Bearings,Metal,(add)
GWS,S03T,Analog,1.62,1.56,0.79,1.56,4.8,100.0,4.8,0.33,(add),(add),(add),(add)
GWS,S03TF,Analog,1.62,1.56,0.79,1.56,4.8,81.0,4.8,0.27,(add),(add),(add),(add)
GWS,S03TF,Analog,1.62,1.56,0.79,1.56,6.0,90.0,6.0,0.22,(add),(add),(add),(add)
GWS,S03TF 2BBMG,Analog,2.57,1.56,0.79,1.56,4.8,83.0,4.8,0.27,(add),Dual Bearings,Metal,(add)
GWS,S03TF 2BBMG,Analog,2.57,1.56,0.79,1.56,6.0,96.0,6.0,0.22,(add),Dual Bearings,Metal,(add)
GWS,S03TXF,Analog,1.62,1.56,0.79,1.56,4.8,70.0,4.8,0.21,(add),(add),(add),(add)
GWS,S03TXF,Analog,1.62,1.56,0.79,1.56,6.0,86.0,6.0,0.17,(add),(add),(add),(add)
GWS,S03TXF 2BBMG,Analog,2.57,1.56,0.79,1.56,4.8,78.0,4.8,0.21,(add),Dual Bearings,Metal,(add)
GWS,S03TXF 2BBMG,Analog,2.57,1.56,0.79,1.56,6.0,90.0,6.0,0.17,(add),Dual Bearings,Metal,(add)
GWS,S11 CL,Analog,1.52,1.7,0.85,0.86,4.8,97.0,4.8,0.23,Coreless,(add),Metal,(add)
GWS,S11 HP,Analog,1.06,1.7,0.85,0.86,4.8,89.0,4.8,0.21,(add),(add),(add),(add)
GWS,S11 HP,Analog,1.06,1.7,0.85,0.86,6.0,97.0,6.0,0.21,(add),(add),(add),(add)
GWS,S11F 2BBMG,Analog,1.52,1.7,0.85,0.86,4.8,86.1,4.8,0.18,(add),Dual Bearings,Metal,27.50
GWS,S11F CL,Analog,1.52,1.7,0.85,0.86,4.8,86.0,4.8,0.18,Coreless,(add),Metal,(add)
GWS,S11F CL,Analog,1.52,1.7,0.85,0.86,6.0,99.0,6.0,0.13,Coreless,(add),Metal,(add)
GWS,S11F HP,Analog,1.06,1.7,0.85,0.86,4.8,67.0,4.8,0.15,(add),(add),(add),(add)
GWS,S11F HP,Analog,1.06,1.7,0.85,0.86,6.0,75.0,6.0,0.12,(add),(add),(add),(add)
GWS,S125 1/2T,Analog,1.76,1.59,0.79,1.65,4.8,92.0,4.8,0.26,(add),Dual Bearings,Plastic,18.95
GWS,S125 1T,Analog,1.76,1.59,0.79,1.65,4.8,92.0,4.8,0.26,(add),(add),Plastic,(add)
GWS,S15HPXN,Analog,1.66,1.59,0.79,1.48,4.8,97.0,4.8,0.22,Coreless,(add),Metal,(add)
GWS,S17CLN,Analog,2.34,1.59,0.79,1.48,4.8,97.0,4.8,0.12,Coreless,(add),Metal,(add)
GWS,S17D CL,Digital,2.34,1.59,0.79,1.48,4.8,94.0,4.8,0.1,(add),Single Bearing,Metal,(add)
GWS,S17HPXN,Analog,1.66,1.59,0.79,1.48,4.8,83.0,4.8,0.18,Coreless,(add),Metal,(add)
GWS,S17HPXN,Analog,1.66,1.59,0.79,1.48,6.0,100.0,6.0,0.14,Coreless,(add),Metal,(add)
GWS,S19CLN,Analog,2.34,1.59,0.79,1.48,4.8,83.0,4.8,0.1,Coreless,(add),Metal,(add)
GWS,S19CLN,Analog,2.34,1.59,0.79,1.48,6.0,100.0,6.0,0.08,Coreless,(add),Metal,(add)
GWS,S19D CL,Digital,2.34,1.59,0.79,1.48,4.8,86.0,4.8,0.09,(add),Single Bearing,Metal,(add)
GWS,S19HPXN,Analog,1.66,1.59,0.79,1.48,4.8,75.0,4.8,0.14,Coreless,(add),Metal,(add)
GWS,S19HPXN,Analog,1.66,1.59,0.79,1.48,6.0,89.0,6.0,0.11,Coreless,(add),Metal,(add)
Hextronik,HX5010,Analog,1.38,1.56,0.79,1.5,4.8,96.0,4.8,0.16,(add),Dual Bearings,Plastic,5.95
Hextronik,HXT 9320MG,(add),0.71,1.02,0.51,1.02,4.8,53.0,4.8,0.15,(add),Single Bearing,Metal,14.95
Hextronik,HXT 9320MG-180,(add),0.71,1.02,0.51,1.02,4.8,53.0,4.8,0.15,(add),Single Bearing,Metal,15.73
Hextronik,HXT9320MG,(add),0.72,1.16,0.51,1.16,4.8,52.0,4.8,0.15,(add),Single Bearing,Metal,33.85
Hextronik,HXT9612MG,(add),1.12,1.65,0.84,0.87,4.8,75.0,4.8,0.11,(add),Dual Bearings,Metal,18.79
Hextronik,HXT9846DMG,Digital,1.58,1.56,0.78,1.46,4.8,86.0,4.8,0.13,(add),Single Bearing,Metal,32.95
Hextronik,HXT9866DMG,Digital,1.58,1.56,0.78,1.46,4.8,100.0,4.8,0.09,(add),Single Bearing,Metal,39.95
Hextronik,SSV-9320MG,Analog,0.71,1.02,0.51,1.02,4.8,52.8,4.8,0.15,(add),(add),(add),17.77
Hextronik,SSV-9320MG-180,Analog,0.71,1.02,0.51,1.02,4.8,52.8,4.8,0.15,(add),(add),Metal,(add)
Hitec,D141SH,(add),0.92,1.18,0.39,1.16,7.4,97.2,7.4,0.1,Coreless,Dual Bearings,Metal,94.99
Hitec,D145SW,Digital,0.85,1.18,0.39,1.45,4.8,54.0,4.8,0.21,3-pole,Dual Bearings,Metal,65.99
Hitec,D145SW,Digital,0.85,1.18,0.39,1.45,7.4,83.0,7.4,0.14,3-pole,Dual Bearings,Metal,65.99
Hitec,D485HW,Digital,1.59,1.57,0.78,1.49,4.8,72.0,4.8,0.2,Brushed,Single Bearing,Hybrid,28.49
Hitec,D625MW,Digital,2.01,1.59,0.77,1.48,4.8,87.0,4.8,0.2,3-pole,Dual Bearings,Metal,39.99
Hitec,D777MG,Digital,1.59,1.59,0.82,1.01,4.8,72.0,4.8,0.09,Coreless,Dual Bearings,Hybrid,(add)
Hitec,D777MG,Digital,1.59,1.59,0.82,1.01,6.0,90.0,6.0,0.07,Coreless,Dual Bearings,Hybrid,(add)
Hitec,D85MG,Digital,0.77,1.14,0.51,1.18,4.8,50.0,4.8,0.17,3-pole,Single Bearing,Metal,39.59
Hitec,D85MG,Digital,0.77,1.14,0.51,1.18,6.0,60.0,6.0,0.14,3-pole,Single Bearing,Metal,39.59
Hitec,D89MW,Digital,0.88,1.14,0.51,1.18,4.8,74.0,4.8,0.17,Coreless,Dual Bearings,Metal,62.99
Hitec,HS-225BB,Analog,0.95,1.27,0.66,1.22,4.8,54.0,4.8,0.14,3-pole,Single Bearing,Plastic,20.99
Hitec,HS-225BB,Analog,0.95,1.27,0.66,1.22,6.0,67.0,6.0,0.11,3-pole,Single Bearing,Plastic,20.99
Hitec,HS-225MG,Analog,1.09,1.27,0.66,1.22,4.8,54.0,4.8,0.14,3-pole,Single Bearing,Metal,27.99
Hitec,HS-225MG,Analog,1.09,1.27,0.66,1.22,6.0,67.0,6.0,0.11,3-pole,Single Bearing,Metal,27.99
Hitec,HS-300,Analog,1.66,1.6,0.8,1.4,6.0,51.0,6.0,0.15,3-pole,Bushing,Plastic,14.95
Hitec,HS-300BB,Analog,1.66,1.6,0.8,1.4,6.0,51.0,6.0,0.15,3-pole,Single Bearing,Plastic,20.95
Hitec,HS-305BB,Analog,1.68,1.61,0.78,1.43,6.0,51.4,6.0,0.15,3-pole,Single Bearing,Plastic,(add)
Hitec,HS-322,Analog,1.52,1.57,0.78,1.43,6.0,51.4,6.0,0.15,3-pole,Bushing,Plastic,9.95
Hitec,HS-322HD,Analog,1.51,1.57,0.78,1.43,6.0,51.0,6.0,0.15,3-pole,Bushing,Plastic,9.95
Hitec,HS-325HB,Analog,1.51,1.57,0.78,1.43,6.0,51.0,6.0,0.15,3-pole,Single Bearing,Plastic,12.95
Hitec,HS-422,Analog,1.60,1.59,0.77,1.44,6.0,57.0,6.0,0.16,3-pole,Dual Bearings,Plastic,12.95
Hitec,HS-425BB,Analog,1.60,1.59,0.77,1.44,6.0,57.0,6.0,0.16,3-pole,Dual Bearings,Plastic,14.95
Hitec,HS-430BH,Analog,1.60,1.59,0.77,1.44,6.0,57.0,6.0,0.16,3-pole,Single Bearing,Plastic,(add)
Hitec,HS-430BH,Analog,1.60,1.59,0.77,1.44,7.4,69.0,7.4,0.14,3-pole,Single Bearing,Plastic,(add)
Hitec,HS-475HB,Analog,1.41,1.52,0.77,1.41,4.8,61.0,4.8,0.23,3-pole,Single Bearing,Plastic,27.95
Hitec,HS-475HB,Analog,1.41,1.52,0.77,1.41,6.0,76.0,6.0,0.18,3-pole,Single Bearing,Plastic,27.95
Hitec,HS-485HB,Analog,1.59,1.57,0.78,1.49,4.8,67.0,4.8,0.22,3-pole,Single Bearing,Plastic,19.99
Hitec,HS-485HB,Analog,1.59,1.57,0.78,1.49,6.0,83.0,6.0,0.18,3-pole,Single Bearing,Plastic,19.99
Hitec,HS-5070MH,Digital,0.50,0.92,0.45,1.14,7.4,53.0,7.4,0.12,3-pole,Single Bearing,Metal,45.49
Hitec,HS-5085MG,Digital,0.77,1.14,0.51,1.18,4.8,50.0,4.8,0.17,3-pole,Single Bearing,Metal,35.74
Hitec,HS-5085MG,Digital,0.77,1.14,0.51,1.18,6.0,60.0,6.0,0.13,3-pole,Single Bearing,Metal,35.74
Hitec,HS-5086WP,Digital,1.00,1.22,0.6,1.22,6.0,50.0,6.0,0.15,3-pole,Single Bearing,Metal,(add)
Hitec,HS-5087MH,Digital,0.77,1.14,0.51,1.18,6.0,50.0,6.0,0.17,3-pole,Single Bearing,Metal,(add)
Hitec,HS-5087MH,Digital,0.77,1.14,0.51,1.18,7.4,60.0,7.4,0.13,3-pole,Single Bearing,Metal,(add)
Hitec,HS-5245MG,Digital,1.12,1.27,0.66,1.22,4.8,61.0,4.8,0.15,Brushed,Dual Bearings,Metal,49.99
Hitec,HS-5245MG,Digital,1.12,1.27,0.66,1.22,6.0,76.0,6.0,0.12,Brushed,Dual Bearings,Metal,49.99
Hitec,HS-525BB,Analog,1.59,1.56,0.77,1.41,6.0,56.9,6.0,0.13,5-pole,Single Bearing,Plastic,29.95
Hitec,HS-525MG,Analog,1.80,1.56,0.77,1.41,6.0,56.9,6.0,0.13,5-pole,Single Bearing,Metal,59.95
Hitec,HS-545BB,Analog,1.57,1.56,0.77,1.41,4.8,61.1,4.8,0.22,5-pole,Single Bearing,Plastic,29.95
Hitec,HS-545BB,Analog,1.57,1.56,0.77,1.41,6.0,76.4,6.0,0.17,5-pole,Single Bearing,Plastic,29.95
Hitec,HS-5475HB,Digital,1.40,1.5,0.8,1.4,4.8,61.0,4.8,0.23,3-pole,Dual Bearings,Plastic,34.99
Hitec,HS-5475HB,Digital,1.40,1.5,0.8,1.4,6.0,76.0,6.0,0.18,3-pole,Dual Bearings,Plastic,34.99
Hitec,HS-5485HB,Digital,1.59,1.57,0.78,1.49,4.8,72.0,4.8,0.2,3-pole,Single Bearing,Plastic,24.99
Hitec,HS-5485HB,Digital,1.59,1.57,0.78,1.49,6.0,89.0,6.0,0.17,3-pole,Single Bearing,Plastic,24.99
Hitec,HS-5495BH,Digital,1.59,1.57,0.78,1.49,6.0,89.0,6.0,0.17,3-pole,Single Bearing,Plastic,28.49
Hitec,HS-5496MH,Digital,1.84,1.57,0.78,1.49,6.0,89.0,6.0,0.17,3-pole,Single Bearing,Metal,(add)
Hitec,HS-5975HB,Digital,1.76,1.58,0.79,1.46,4.8,90.0,4.8,0.13,Coreless,Dual Bearings,Plastic,89.95
Hitec,HS-5996TG,Digital,(add),,,,4.8,83.0,4.8,0.13,(add),(add),Titanium,(add)
Hitec,HS-605BB,Analog,1.73,1.59,0.77,1.57,4.8,76.4,4.8,0.17,3-pole,Dual Bearings,Plastic,59.95
Hitec,HS-605BB,Analog,1.73,1.59,0.77,1.57,6.0,94.4,6.0,0.13,3-pole,Dual Bearings,Plastic,59.95
Hitec,HS-605MG,Analog,1.87,1.59,0.77,1.57,4.8,76.4,4.8,0.17,3-pole,Dual Bearings,Metal,28.95
Hitec,HS-605MG,Analog,1.87,1.59,0.77,1.57,6.0,94.4,6.0,0.13,3-pole,Dual Bearings,Metal,28.95
Hitec,HS-625MG,Analog,1.94,1.59,0.77,1.48,4.8,76.0,4.8,0.18,3-pole,Dual Bearings,Metal,28.95
Hitec,HS-625MG,Analog,1.94,1.59,0.77,1.48,6.0,94.0,6.0,0.15,3-pole,Dual Bearings,Metal,28.95
Hitec,HS-635HB,Analog,1.76,1.59,0.77,1.52,4.8,69.0,4.8,0.18,3-pole,Dual Bearings,Plastic,29.99
Hitec,HS-635HB,Analog,1.76,1.59,0.77,1.52,6.0,83.0,6.0,0.15,3-pole,Dual Bearings,Plastic,29.99
Hitec,HS-6635HB,Digital,1.83,1.56,0.77,1.52,4.8,69.4,4.8,0.18,3-pole,Dual Bearings,Plastic,89.95
Hitec,HS-6635HB,Digital,1.83,1.56,0.77,1.52,6.0,83.3,6.0,0.15,3-pole,Dual Bearings,Plastic,89.95
Hitec,HS-6965HB,Digital,1.83,1.57,0.78,1.45,4.8,91.6,4.8,0.1,3-pole,Dual Bearings,Plastic,84.99
Hitec,HS-7115TH,Digital,0.71,1.02,0.31,1.5,7.4,54.0,7.4,0.1,3-pole,Dual Bearings,Titanium,(add)
Hitec,HS-7235MH,Digital,1.20,1.28,0.66,1.29,6.0,50.0,6.0,0.09,Coreless,Dual Bearings,Metal,(add)
Hitec,HS-7235MH,Digital,1.20,1.28,0.66,1.29,7.4,61.0,7.4,0.08,Coreless,Dual Bearings,Metal,(add)
Hitec,HS-7245MH,Digital,1.20,1.28,0.66,1.29,6.0,72.0,6.0,0.13,Coreless,Dual Bearings,Metal,(add)
Hitec,HS-7245MH,Digital,1.20,1.28,0.66,1.29,7.4,89.0,7.4,0.11,Coreless,Dual Bearings,Metal,(add)
Hitec,HS-75BB,Analog,1.23,1.73,0.9,0.98,4.8,92.0,4.8,0.45,3-pole,Single Bearing,Plastic,17.95
Hitec,HS-7775MG,Digital,1.72,1.59,0.82,1.0,4.8,100.0,4.8,0.12,Coreless,Dual Bearings,Metal,89.99
Hitec,HS-77BB,Analog,1.23,1.73,0.9,0.98,4.8,61.0,4.8,0.18,3-pole,Single Bearing,Plastic,25.95
Hitec,HS-77BB,Analog,1.23,1.73,0.9,0.98,6.0,76.0,6.0,0.14,3-pole,Single Bearing,Plastic,25.95
Hitec,HS-7966HB,Digital,1.87,1.57,0.78,1.45,4.8,92.0,4.8,0.1,Coreless,Dual Bearings,Plastic,89.99
Hitec,HS-7975HB,Digital,1.87,1.57,0.78,1.45,4.8,92.0,4.8,0.14,Coreless,Dual Bearings,Plastic,79.99
Hitec,HS-8775MG,Digital,1.72,1.59,0.83,1.0,4.8,100.0,4.8,0.12,Coreless,Dual Bearings,Metal,(add)
Hitec,HS-925MG,Analog,2.00,1.55,0.78,1.48,4.8,66.7,4.8,0.2,Coreless,Dual Bearings,Metal,73.99
Hitec,HSC-5996TG,Digital,2.17,1.57,0.79,1.5,4.8,89.0,4.8,0.13,(add),Dual Bearings,Titanium,94.99
Hitec,HSC-5998TG,Digital,2.17,1.57,0.79,1.5,6.0,82.0,6.0,0.19,(add),Dual Bearings,Titanium,(add)
Hitec,HSG-8315BH,Digital,2.12,1.57,0.79,1.5,6.0,60.0,6.0,0.05,Coreless,Dual Bearings,Plastic,(add)
Hitec,HSG-8315BH,Digital,2.12,1.57,0.79,1.5,7.4,74.0,7.4,0.04,Coreless,Dual Bearings,Plastic,(add)
Hitec,MD485HW,(add),1.59,1.57,0.78,1.5,4.8,67.0,4.8,0.2,Brushed,Single Bearing,Plastic,34.99
Hitec,MD89MW,(add),0.88,1.14,0.51,1.18,4.8,76.0,4.8,0.17,Coreless,Dual Bearings,Metal,99.22
Hobbico,CS-115,Digital,0.63,1.2,0.5,1.1,4.8,50.0,4.8,0.2,(add),Single Bearing,Hybrid,(add)
Hobbico,CS-115,Digital,0.63,1.2,0.5,1.1,6.0,58.0,6.0,0.16,(add),Single Bearing,Hybrid,(add)
Hobbico,CS-35,Analog,0.95,1.3,0.7,1.2,4.8,55.0,4.8,0.14,(add),Single Bearing,Plastic,21.99
Hobbico,CS-35,Analog,0.95,1.3,0.7,1.2,6.0,67.0,6.0,0.11,(add),Single Bearing,Plastic,21.99
Hobbico,CS-35MG,Analog,1.09,1.3,0.7,1.2,4.8,55.0,4.8,0.14,(add),Bushing,Metal,24.99
Hobbico,CS-35MG,Analog,1.09,1.3,0.7,1.2,6.0,67.0,6.0,0.11,(add),Bushing,Metal,24.99
Hobbico,CS-55,Analog,1.62,1.6,0.8,1.4,6.0,52.0,6.0,0.17,(add),Dual Bearings,Plastic,11.99
Hobbico,CS-59,Analog,1.23,1.7,0.9,1.0,4.8,61.0,4.8,0.18,(add),Single Bearing,Hybrid,24.99
Hobbico,CS-59,Analog,1.23,1.7,0.9,1.0,6.0,76.0,6.0,0.14,(add),Single Bearing,Hybrid,24.99
Hobbico,CS-63,Analog,1.23,1.7,0.9,1.0,4.8,91.0,4.8,0.5,(add),Single Bearing,Plastic,27.99
Hobbico,CS-64,Analog,1.76,1.6,0.8,1.5,4.8,69.0,4.8,0.18,3-pole,Dual Bearings,Plastic,22.99
Hobbico,CS-64,Analog,1.76,1.6,0.8,1.5,6.0,83.0,6.0,0.15,3-pole,Dual Bearings,Plastic,22.99
Hobbico,CS-65,(add),1.72,1.6,0.8,1.6,4.8,77.0,4.8,0.16,(add),Dual Bearings,Metal,(add)
Hobbico,CS-67,Analog,1.62,1.6,0.8,1.4,6.0,52.0,6.0,0.17,(add),Dual Bearings,Plastic,13.99
Hobbico,CS126,Digital,1.41,1.5,0.8,1.4,4.8,61.0,4.8,0.23,(add),Dual Bearings,Plastic,22.99
Hobbico,CS126,Digital,1.41,1.5,0.8,1.4,6.0,76.0,6.0,0.18,(add),Dual Bearings,Plastic,22.99
Hobbico,CS140,Digital,1.87,1.6,0.8,1.5,4.8,66.0,4.8,0.18,3-pole,Dual Bearings,Metal,34.99
Hobbico,CS140,Digital,1.87,1.6,0.8,1.5,6.0,83.0,6.0,0.13,3-pole,Dual Bearings,Metal,34.99
Hobby Electronics,HDS-277,Digital,2.29,1.61,0.79,1.38,4.8,55.5,4.8,0.11,(add),Dual Bearings,(add),25.00
Hobby Electronics,HES-1188,Analog,1.87,1.61,0.79,1.61,4.8,69.4,4.8,0.22,(add),(add),Plastic,(add)
Hobby Electronics,HES-1188M,Analog,2.22,1.61,0.79,1.61,4.8,69.4,4.8,0.22,(add),(add),Plastic,(add)
HobbyKing,HK28013DMG,Digital,0.92,1.4,0.59,1.24,4.8,58.3,4.8,0.13,Coreless,Dual Bearings,Titanium,30.86
HobbyKing,HK28013DMG,Digital,0.92,1.4,0.59,1.24,6.0,69.4,6.0,0.11,Coreless,Dual Bearings,Titanium,30.86
HobbyKing,HK47002DMG,Digital,1.83,1.58,0.79,1.68,4.8,55.6,4.8,0.07,Coreless,Dual Bearings,Titanium,35.92
HobbyKing,HK47002DMG,Digital,1.83,1.58,0.79,1.68,6.0,69.4,6.0,0.06,Coreless,Dual Bearings,Titanium,35.92
HobbyKing,HK47003DMG,Digital,1.83,1.58,0.79,1.68,4.8,97.2,4.8,0.12,Coreless,Dual Bearings,Titanium,35.92
HobbyKing,HK47004DTS,Digital,1.69,1.58,0.79,1.68,4.8,90.3,4.8,0.13,Coreless,Dual Bearings,Plastic,35.01
HobbyKing,HK47010DMG,Digital,2.05,1.58,0.79,1.68,4.8,55.6,4.8,0.05,Coreless,Dual Bearings,Titanium,38.24
HobbyKing,HK47010DMG,Digital,2.05,1.58,0.79,1.68,6.0,70.8,6.0,0.04,Coreless,Dual Bearings,Titanium,38.24
HobbyKing,HK47110DMG,Digital,2.15,1.58,0.79,1.68,4.8,55.6,4.8,0.05,Coreless,Dual Bearings,Titanium,41.44
HobbyKing,HK47110DMG,Digital,2.15,1.58,0.79,1.68,6.0,70.8,6.0,0.04,Coreless,Dual Bearings,Titanium,41.44
Hurricane Flight Systems,HFS5010,Analog,1.47,1.61,0.79,1.5,4.8,72.2,4.8,0.16,(add),Single Bearing,(add),10.00
Hyper Technology,HTC-06AP85,Analog,1.48,1.59,0.78,1.41,6.0,88.9,4.8,0.18,Brushed,Single Bearing,Plastic,(add)
Hyper Technology,HTC-06DP89,Digital,1.57,1.59,0.78,1.41,6.0,88.9,4.8,0.16,Brushed,Single Bearing,Plastic,(add)
Hyperion,DS095-FMD,Digital,0.65,1.24,0.37,1.29,4.8,55.5,4.8,0.18,(add),Dual Bearings,Metal,47.95
Hyperion,DS095-FMD,Digital,0.65,1.24,0.37,1.29,6.0,62.5,6.0,0.15,(add),Dual Bearings,Metal,47.95
Hyperion,DS11-AMB,Digital,0.37,0.93,0.45,0.83,4.8,58.3,4.8,0.18,(add),Single Bearing,Metal,33.95
Hyperion,DS11-AMB,Digital,0.37,0.93,0.45,0.83,6.0,69.4,6.0,0.15,(add),Single Bearing,Metal,33.95
Hyperion,DS11-SCB,Digital,0.35,0.93,0.45,0.83,6.0,55.5,6.0,0.13,(add),Single Bearing,Plastic,27.95
Hyperion,DS12-ACP,Digital,0.60,1.16,0.47,1.02,4.8,72.2,4.8,0.16,(add),Bushing,Plastic,26.95
Hyperion,DS12-ACP,Digital,0.60,1.16,0.47,1.02,6.0,88.9,6.0,0.13,(add),Bushing,Plastic,26.95
Hyperion,DS12-HCP,Digital,0.61,1.16,0.47,1.02,6.0,55.5,6.0,0.1,(add),Bushing,Plastic,31.95
Hyperion,DS13-ACB,Digital,0.63,1.16,0.51,1.09,4.8,72.2,4.8,0.16,(add),Single Bearing,Plastic,29.95
Hyperion,DS13-ACB,Digital,0.63,1.16,0.51,1.09,6.0,88.9,6.0,0.13,(add),Single Bearing,Plastic,29.95
Hyperion,DS13-TCB,Digital,0.63,1.16,0.51,1.09,4.8,100.0,4.8,0.2,(add),Single Bearing,Plastic,29.95
Hyperion,DS13-TMB,Digital,0.68,1.16,0.51,1.09,4.8,100.0,4.8,0.2,(add),Single Bearing,Metal,34.95
Hyperion,DS20-GMD,Digital,1.73,1.57,0.77,1.49,6.0,55.5,6.0,0.05,(add),Dual Bearings,Metal,38.95
Hyperion,DS20-HMD,Digital,1.73,1.57,0.77,1.49,4.8,100.0,4.8,0.15,(add),Dual Bearings,Metal,38.95
INO-Lab,HG-650HB,Analog,1.45,1.55,0.77,1.44,6.0,50.0,6.0,0.16,(add),Dual Bearings,Plastic,(add)
INO-Lab,HG-D250HB,Digital,0.64,1.18,0.51,1.24,6.0,55.5,6.0,0.12,(add),Dual Bearings,Plastic,(add)
INO-Lab,HG-D250MG,Digital,0.74,1.18,0.51,1.24,4.8,63.9,4.8,0.22,(add),Single Bearing,Metal,35.00
INO-Lab,HG-D250MG,Digital,0.74,1.18,0.51,1.24,6.0,72.2,6.0,0.17,(add),Single Bearing,Metal,35.00
INO-Lab,HG-D251MG,Digital,0.85,1.18,0.51,1.31,4.8,66.7,4.8,0.15,Coreless,Single Bearing,Metal,(add)
INO-Lab,HG-D251MG,Digital,0.85,1.18,0.51,1.31,6.0,77.8,6.0,0.12,Coreless,Single Bearing,Metal,(add)
INO-Lab,HG-D260MG,Digital,0.74,1.18,0.51,1.24,6.0,55.5,6.0,0.12,(add),Single Bearing,Metal,(add)
INO-Lab,HG-D261HB,Digital,0.73,1.18,0.51,1.31,6.0,50.0,6.0,0.06,Coreless,Single Bearing,Plastic,36.90
INO-Lab,HG-D650HB,Digital,1.68,1.55,0.77,1.44,4.8,98.6,4.8,0.13,3-pole,Dual Bearings,Plastic,(add)
INO-Lab,HG-D650MG,Digital,1.68,1.55,0.77,1.44,4.8,98.6,4.8,0.13,3-pole,Dual Bearings,Metal,(add)
INO-Lab,HG-D660MG,Digital,1.69,1.55,0.77,1.44,4.8,86.1,4.8,0.11,3-pole,Dual Bearings,Metal,(add)
INO-Lab,HG-D660MG,Digital,1.69,1.55,0.77,1.44,6.0,100.0,6.0,0.09,3-pole,Dual Bearings,Metal,(add)
INO-Lab,HG-D760HB,Digital,1.68,1.55,0.77,1.44,4.8,94.4,4.8,0.1,Coreless,Dual Bearings,Plastic,(add)
Integy,C22432MG,(add),(add),1.18,0.51,1.02,6.0,69.0,6.0,0.14,(add),(add),(add),45.99
Integy,C22438MG,(add),(add),1.61,0.79,1.5,6.0,89.0,6.0,0.08,(add),(add),(add),29.99
Integy,C22439MG,(add),(add),1.65,0.87,0.87,4.8,83.0,4.8,0.18,(add),(add),(add),45.99
Integy,C22512MGD,(add),(add),1.61,0.79,1.46,6.0,94.0,6.0,0.09,(add),(add),(add),69.99
Integy,C22513MGDX,(add),(add),1.61,0.79,1.46,6.0,83.0,6.0,0.09,(add),(add),(add),59.99
Jamara,4213 MG,(add),0.55,1.02,0.51,1.02,4.8,58.3,4.8,0.12,(add),(add),Metal,(add)
Jamara,Q7 Standard,Analog,1.38,1.59,0.8,1.5,4.8,97.2,4.8,0.14,(add),(add),(add),(add)
Jamara,XF-Mini,(add),0.95,1.38,0.67,1.26,4.8,58.3,4.8,0.15,(add),(add),Plastic,(add)
JR,3121,Analog,0.84,1.3,0.58,1.02,6.0,56.0,6.0,0.2,Coreless,Dual Bearings,Plastic,69.99
JR,3321,Analog,0.95,1.3,0.58,1.3,4.8,59.8,4.8,0.36,Coreless,Dual Bearings,Plastic,74.95
JR,4000,Analog,1.76,1.52,0.73,1.32,4.8,73.6,4.8,0.17,Coreless,Dual Bearings,(add),124.95
JR,4131,Analog,1.50,1.52,0.73,1.32,4.8,90.0,4.8,0.23,Coreless,Dual Bearings,Plastic,79.99
JR,4735,Analog,1.72,1.52,0.73,1.32,4.8,90.0,4.8,0.15,Coreless,Dual Bearings,Plastic,84.95
JR,513,Analog,1.72,1.52,0.73,1.32,4.8,67.0,4.8,1.25,5-pole,Single Bearing,(add),32.95
JR,531,Analog,1.50,1.52,0.73,1.32,4.8,51.0,4.8,0.21,3-pole,Single Bearing,(add),39.95
JR,591,Analog,1.34,1.52,0.75,1.18,4.8,71.0,4.8,0.24,(add),Single Bearing,Plastic,17.10
JR,7005,Analog,1.31,1.73,0.88,0.93,4.8,62.6,4.8,0.19,Coreless,Dual Bearings,(add),89.95
JR,703,Analog,1.16,1.73,0.88,0.93,4.8,93.2,4.8,1.36,Brushed,Dual Bearings,(add),62.95
JR,7100,Analog,1.31,1.73,0.88,0.93,4.8,60.5,4.8,0.19,Coreless,Dual Bearings,(add),124.95
JR,7300,(add),1.52,,,,4.8,67.0,4.8,0.14,(add),(add),(add),(add)
JR,8101,Analog,1.73,1.52,0.73,1.32,4.8,90.4,4.8,0.23,Coreless,Dual Bearings,Plastic,74.95
JR,9011,Analog,1.31,1.04,0.75,1.42,4.8,60.6,4.8,0.21,Coreless,Dual Bearings,(add),62.95
JR,DS161,Digital,0.85,1.54,0.39,1.34,4.8,51.0,4.8,0.22,(add),(add),(add),(add)
JR,DS168,Digital,0.70,1.33,0.34,1.18,6.0,53.0,6.0,0.14,3-pole,Dual Bearings,Metal,79.99
JR,DS3201,Digital,0.92,1.04,0.59,1.3,4.8,56.0,4.8,0.22,(add),(add),(add),(add)
JR,DS3301,Digital,1.00,1.3,0.58,1.3,4.8,56.0,4.8,0.22,Coreless,Dual Bearings,Plastic,89.99
JR,DS3301,Digital,1.00,1.3,0.58,1.3,6.0,66.0,6.0,0.2,Coreless,Dual Bearings,Plastic,89.99
JR,DS3400G,Digital,1.02,1.3,0.58,1.02,6.0,51.0,6.0,0.09,(add),Dual Bearings,Plastic,74.99
JR,DS3401,Digital,1.06,1.3,0.59,1.04,4.8,60.0,4.8,0.19,Coreless,Dual Bearings,Metal,(add)
JR,DS3421,Digital,1.04,1.3,0.58,1.02,4.8,65.0,4.8,0.18,Coreless,Dual Bearings,Metal,89.99
JR,DS3421,Digital,1.04,1.3,0.58,1.02,6.0,75.0,6.0,0.15,Coreless,Dual Bearings,Metal,89.99
JR,DS3421SA,Digital,1.04,1.3,0.58,1.02,4.8,65.0,4.8,0.18,Coreless,Dual Bearings,Hybrid,84.99
JR,DS3421SA,Digital,1.04,1.3,0.58,1.02,6.0,75.0,6.0,0.15,Coreless,Dual Bearings,Hybrid,84.99
JR,DS3517,Digital,0.92,1.02,0.58,1.3,6.0,51.0,6.0,0.09,Coreless,Single Bearing,Plastic,84.99
JR,DS3517MG,Digital,1.04,1.02,0.58,1.3,6.0,51.0,6.0,0.09,Coreless,Single Bearing,Metal,89.99
JR,DS361,Digital,0.78,1.1,0.51,0.79,4.8,53.0,4.8,0.24,(add),(add),(add),(add)
JR,DS368,Digital,0.80,1.1,0.51,1.18,4.8,53.0,4.8,0.21,Brushed,(add),(add),69.99
JR,DS368BB,Digital,0.83,1.12,0.5,1.21,4.8,53.0,4.8,0.21,Brushed,Single Bearing,Metal,74.99
JR,DS368BB,Digital,0.83,1.12,0.5,1.21,6.0,60.0,6.0,0.18,Brushed,Single Bearing,Metal,74.99
JR,DS378,Digital,0.70,1.18,0.43,1.14,4.8,60.0,4.8,0.16,(add),Dual Bearings,Metal,69.99
JR,DS378,Digital,0.70,1.18,0.43,1.14,6.0,75.0,6.0,0.13,(add),Dual Bearings,Metal,69.99
JR,DS5391,Digital,1.62,1.54,0.75,1.57,4.8,70.0,4.8,0.12,(add),(add),(add),(add)
JR,DS5491,Digital,1.27,1.54,0.75,1.57,4.8,70.0,4.8,0.12,(add),(add),(add),(add)
JR,DS559,Digital,1.66,,,,4.8,67.0,4.8,0.23,(add),(add),(add),(add)
JR,DS559,Digital,1.66,,,,6.0,76.0,6.0,0.19,(add),(add),(add),(add)
JR,DS589,Digital,1.48,1.4,0.75,1.52,4.8,72.2,4.8,0.21,3-pole,Single Bearing,Plastic,(add)
JR,DS8077,Digital,1.27,1.54,0.75,1.57,4.8,50.0,4.8,0.14,(add),(add),Plastic,(add)
JR,DS811,Digital,1.44,1.49,0.75,1.52,4.8,54.0,4.8,0.18,Brushed,Single Bearing,Plastic,47.95
JR,DS811,Digital,1.44,1.49,0.75,1.52,6.0,66.0,6.0,0.15,Brushed,Single Bearing,Plastic,47.95
JR,DS8201,Digital,1.73,1.36,0.75,1.54,4.8,56.0,4.8,0.19,(add),(add),(add),(add)
JR,DS8201,Digital,1.73,1.36,0.75,1.54,6.0,70.0,6.0,0.15,(add),(add),(add),(add)
JR,DS821,Digital,1.50,1.5,0.74,1.47,4.8,72.0,4.8,0.19,3-pole,Single Bearing,Plastic,29.99
JR,DS821,Digital,1.50,1.5,0.74,1.47,6.0,88.0,6.0,0.15,3-pole,Single Bearing,Plastic,29.99
JR,DS8231,Digital,1.73,1.54,0.75,1.36,4.8,88.0,4.8,0.22,Coreless,Dual Bearings,Plastic,89.99
JR,DS8301,Digital,1.73,1.54,0.75,1.36,4.8,90.0,4.8,0.19,(add),Dual Bearings,Metal,(add)
JR,DS8317,Digital,2.00,1.54,0.75,1.36,4.8,69.0,4.8,0.15,Coreless,Dual Bearings,Metal,109.99
JR,DS8317,Digital,2.00,1.54,0.75,1.36,6.0,84.0,6.0,0.11,Coreless,Dual Bearings,Metal,109.99
JR,DS8417,Digital,2.03,1.54,0.75,1.36,4.8,82.0,4.8,0.1,Coreless,Dual Bearings,Metal,114.99
JR,DS8417,Digital,2.03,1.54,0.75,1.36,6.0,98.0,6.0,0.08,Coreless,Dual Bearings,Metal,114.99
JR,DS8450,Digital,1.92,1.52,0.73,1.32,4.8,98.0,4.8,0.1,Coreless,Dual Bearings,Metal,114.95
JR,DS8455,Digital,(add),,,,4.8,90.0,4.8,0.1,(add),(add),(add),(add)
JR,DS9301,Digital,1.31,1.42,0.75,1.08,4.8,60.0,4.8,0.21,(add),(add),(add),(add)
JR,DS9401,Digital,1.48,1.42,0.75,1.04,4.8,70.0,4.8,0.17,(add),(add),(add),86.69
JR,DS9411,Digital,1.36,1.41,0.71,1.03,4.8,82.0,4.8,0.15,Coreless,Dual Bearings,Metal,109.99
JR,DS9411,Digital,1.36,1.41,0.71,1.03,6.0,95.0,6.0,0.12,Coreless,Dual Bearings,Metal,109.99
JR,DS9411SA,Digital,1.28,1.41,0.71,1.03,4.8,82.0,4.8,0.15,Coreless,Dual Bearings,Plastic,94.99
JR,DS9411SA,Digital,1.28,1.41,0.71,1.03,6.0,95.0,6.0,0.12,Coreless,Dual Bearings,Plastic,94.99
JR,DZ3650,Digital,1.04,1.3,0.58,1.02,6.0,51.0,6.0,0.09,(add),Single Bearing,Metal,74.99
JR,ES539,Analog,1.34,1.28,0.75,1.52,4.8,70.8,4.8,0.23,Brushed,Single Bearing,Plastic,17.10
JR,RT88,Analog,1.15,1.74,0.88,0.92,4.8,88.0,4.8,0.42,3-pole,(add),Plastic,25.99
JR,SR3801,Digital,1.10,1.3,0.59,1.02,7.4,98.6,7.4,0.11,(add),(add),(add),84.95
JR,Z2750,(add),2.00,1.52,0.73,1.29,4.8,62.0,4.8,0.17,Coreless,Dual Bearings,(add),124.95
JR,Z3650,Digital,1.04,1.3,0.58,1.02,6.0,51.0,6.0,0.09,Coreless,Single Bearing,Metal,89.99
JR,Z4750,(add),1.72,1.52,0.73,1.32,4.8,96.0,4.8,0.12,Coreless,Dual Bearings,Plastic,84.99
JR,Z4800S,Analog,2.00,1.54,0.75,1.36,4.8,71.0,4.8,0.14,Coreless,Dual Bearings,Metal,84.99
JR,Z4800S,Analog,2.00,1.54,0.75,1.36,6.0,90.0,6.0,0.11,Coreless,Dual Bearings,Metal,84.99
JR,Z550,Analog,1.47,1.52,0.73,1.32,4.8,51.0,4.8,0.21,3-pole,Single Bearing,Plastic,34.99
JR,Z550,Analog,1.47,1.52,0.73,1.32,6.0,62.0,6.0,0.17,3-pole,Single Bearing,Plastic,34.99
JR,Z590M,Analog,1.60,1.55,0.73,1.46,4.8,70.0,4.8,0.18,3-pole,Single Bearing,Metal,39.99
JR,Z590M,Analog,1.60,1.55,0.73,1.46,6.0,85.0,6.0,0.15,3-pole,Single Bearing,Metal,39.99
JR,Z8800S,Digital,2.00,1.54,0.75,1.36,4.8,88.0,4.8,0.1,Coreless,Dual Bearings,Metal,109.95
KDS,N580,Digital,0.88,1.32,0.59,1.13,4.8,55.6,4.8,0.11,Coreless,(add),Plastic,(add)
KDS,N580,Digital,0.88,1.32,0.59,1.13,6.0,62.5,6.0,0.1,Coreless,(add),Plastic,(add)
KO Propo,KOPM1100,(add),2.10,1.5,0.83,1.6,7.2,97.0,7.2,0.06,(add),(add),(add),(add)
KO Propo,KOPM1101,(add),2.10,1.5,0.8,1.6,6.0,91.0,6.0,0.08,(add),(add),(add),(add)
KO Propo,PDS-3101 ICS,Digital,0.64,1.18,0.47,1.02,6.0,62.1,6.0,0.09,(add),Bushing,Metal,57.99
KO Propo,PDS-763 ICS,Digital,1.59,1.61,0.83,1.38,6.0,90.2,6.0,0.13,(add),Bushing,Plastic,99.99
KO Propo,PS-1001 FET,Analog,1.80,1.46,0.79,1.59,7.2,90.3,7.2,0.07,(add),Dual Bearings,(add),(add)
KO Propo,PS-1012 FET,Analog,1.80,1.46,0.79,1.59,7.2,94.4,7.2,0.06,(add),(add),(add),(add)
KO Propo,PS-1014 FET,Analog,1.80,1.46,0.79,1.59,6.0,62.5,6.0,0.11,(add),(add),(add),(add)
KO Propo,PS-1016 FET,Analog,2.22,1.46,0.79,1.59,6.0,83.3,6.0,0.14,(add),(add),(add),(add)
KO Propo,PS-2000 FET,Analog,1.94,1.61,0.79,1.5,7.2,100.0,7.2,0.06,(add),(add),(add),(add)
KO Propo,PS-2001 FET,Analog,1.94,1.61,0.79,1.5,6.0,90.3,6.0,0.08,Coreless,Dual Bearings,Metal,(add)
KO Propo,PS-201 S,Analog,1.59,1.61,0.83,1.38,6.0,50.0,6.0,0.3,(add),(add),(add),(add)
KO Propo,PS-2015 FET,Analog,1.80,1.61,0.79,1.5,6.0,100.0,6.0,0.05,Coreless,Dual Bearings,(add),(add)
KO Propo,PS-301 BH,Analog,1.59,1.61,0.83,1.38,6.0,52.8,6.0,0.26,(add),Single Bearing,Hybrid,(add)
KO Propo,PS-301 BS,Analog,1.98,1.61,0.83,1.38,6.0,56.9,6.0,0.17,(add),(add),(add),(add)
KO Propo,PS-301 BZ,Analog,1.98,1.61,0.83,1.38,6.0,79.2,6.0,0.26,(add),(add),(add),(add)
KO Propo,PS-302 FET,Analog,1.94,1.61,0.83,1.38,7.2,69.4,7.2,0.12,(add),(add),(add),65.95
KO Propo,PS-601,Analog,0.58,1.14,0.55,1.2,6.0,55.5,6.0,0.3,(add),(add),(add),(add)
KO Propo,PS-702 FET,Analog,1.69,1.61,0.83,1.38,6.0,61.1,6.0,0.12,(add),(add),(add),(add)
KO Propo,PS-703 FET,Analog,1.69,1.61,0.83,1.38,7.2,73.6,7.2,0.1,(add),(add),(add),(add)
KO Propo,PS-712 FET,Analog,1.69,1.61,0.83,1.38,6.0,61.1,6.0,0.12,(add),(add),(add),(add)
KO Propo,PS-713 FET,Analog,1.69,1.61,0.83,1.38,7.2,73.6,7.2,0.1,(add),(add),(add),(add)
KO Propo,PS-87 FET,Analog,2.19,1.61,0.83,1.38,7.2,72.2,7.2,0.1,(add),(add),(add),(add)
Kyosho,KS-102BK,Analog,1.39,1.58,0.79,1.5,6.0,90.3,6.0,0.16,Brushed,Single Bearing,Plastic,24.99
Kyosho,KS-1401,Analog,1.59,1.54,0.79,1.42,6.0,55.6,6.0,0.14,Brushed,Bushing,Plastic,15.00
Kyosho,KS4031-06W,(add),1.58,1.61,0.79,1.5,6.0,83.3,6.0,0.15,(add),(add),(add),24.99
Losi,B0819,Digital,(add),1.58,0.79,1.3,6.0,70.0,6.0,0.16,(add),(add),Plastic,25.64
Losi,MSX12,Digital,(add),,,,6.0,56.9,,,(add),(add),(add),28.49
MayTech,MT-AS013,Analog,1.41,1.61,0.79,1.5,6.0,83.3,6.0,0.16,(add),Single Bearing,Plastic,(add)
MayTech,MT-AS014,Analog,1.83,1.61,0.79,1.5,6.0,83.3,6.0,0.16,(add),Single Bearing,Metal,(add)
MayTech,MT-AS019,Analog,1.31,1.61,0.79,1.42,6.0,56.9,6.0,0.23,(add),Single Bearing,Plastic,(add)
MayTech,MT-AS020,Analog,1.06,1.58,0.91,0.97,4.8,97.2,4.8,0.4,(add),Single Bearing,Plastic,(add)
MayTech,MT-DS012,Digital,1.94,0.79,1.58,1.52,4.8,91.7,4.8,0.14,(add),Single Bearing,Metal,(add)
MayTech,MT-DS012,Digital,1.94,0.79,1.58,1.52,6.0,100.0,6.0,0.13,(add),Single Bearing,Metal,(add)
Megatech,FX205,(add),1.60,1.6,0.7,1.5,4.8,53.9,4.8,0.22,(add),(add),(add),17.99
MKS,BLS 970,Digital,1.98,1.58,0.79,1.58,4.8,83.3,4.8,0.08,Brushless,Dual Bearings,Titanium,126.90
MKS,DS 6125,Digital,1.01,1.18,0.39,1.4,4.8,91.7,4.8,0.15,Coreless,Dual Bearings,Titanium,75.00
MKS,DS 6125 Mini,Digital,0.89,1.18,0.39,1.18,4.8,66.7,4.8,0.12,Coreless,Dual Bearings,Titanium,74.95
MKS,DS 6125 Mini,Digital,0.89,1.18,0.39,1.18,6.0,80.5,6.0,0.1,Coreless,Dual Bearings,Titanium,74.95
MKS,DS 760,Digital,2.65,1.58,0.79,1.58,4.8,54.2,4.8,0.03,Coreless,Dual Bearings,Titanium,109.99
MKS,DS 760,Digital,2.65,1.58,0.79,1.58,6.0,67.8,6.0,0.03,Coreless,Dual Bearings,Titanium,109.99
MKS,DS 9660,Digital,1.14,1.41,0.6,1.14,4.8,51.4,4.8,0.13,Coreless,Dual Bearings,Metal,56.99
MKS,DS 9660,Digital,1.14,1.41,0.6,1.14,6.0,63.9,6.0,0.1,Coreless,Dual Bearings,Metal,56.99
MKS,DS 9660 A+,Digital,0.97,1.41,0.6,1.14,6.0,65.3,6.0,0.1,Coreless,Dual Bearings,Metal,45.76
MKS,HV 787,Digital,2.33,1.57,0.79,1.69,6.0,95.1,6.0,0.04,Coreless,Dual Bearings,Titanium,89.15
Modelcraft,4519,Analog,1.58,1.59,0.81,1.54,6.0,63.7,6.0,0.19,Brushed,Bushing,Plastic,12.00
Modelcraft,4519 BB,Analog,1.58,1.59,0.81,1.54,6.0,63.7,6.0,0.19,(add),Single Bearing,Plastic,(add)
Modelcraft,4519 DBB,Analog,1.58,1.59,0.81,1.54,6.0,63.7,6.0,0.19,(add),Dual Bearings,Plastic,(add)
Modelcraft,4519 MG,Analog,1.58,1.59,0.81,1.54,6.0,63.7,6.0,0.19,(add),Dual Bearings,Metal,(add)
Modelcraft,MC-4415 MG D,Digital,1.13,1.26,0.67,1.22,4.8,62.3,4.8,0.15,(add),Dual Bearings,Metal,(add)
Modelcraft,MC-4415 MG D,Digital,1.13,1.26,0.67,1.22,6.0,77.9,6.0,0.12,(add),Dual Bearings,Metal,(add)
Modelcraft,MC-500 BB,Analog,1.98,1.59,0.79,1.59,6.0,79.3,6.0,0.13,(add),Single Bearing,Plastic,(add)
Modelcraft,MC-501 MG BB,Analog,2.29,1.59,0.79,1.59,6.0,79.3,6.0,0.13,(add),Dual Bearings,Metal,(add)
Modelcraft,MC-620 MG-T,Analog,1.66,1.59,0.79,1.52,4.8,90.6,4.8,0.13,(add),Single Bearing,Metal,(add)
Modelcraft,MC-D-301 MG BB,Digital,1.76,1.59,0.79,1.4,4.8,59.5,4.8,0.19,(add),Single Bearing,Metal,(add)
Modelcraft,MC-D-500 BB,Digital,1.98,1.59,0.79,1.59,6.0,79.3,6.0,0.12,(add),Single Bearing,Plastic,(add)
Modelcraft,MC-D-501 MG BB,Digital,2.29,1.59,0.79,1.59,6.0,92.0,6.0,0.12,(add),Dual Bearings,Metal,(add)
Modelcraft,RS-2MG/HB,Analog,1.62,1.54,0.79,1.65,4.8,85.0,4.8,0.2,(add),Bushing,Metal,(add)
Modelcraft,RS-2MG/HB,Analog,1.62,1.54,0.79,1.65,6.0,99.1,6.0,0.17,(add),Bushing,Metal,(add)
Modelcraft,VSD-18MBWG,Digital,2.01,1.69,0.91,1.54,4.8,90.6,4.8,0.18,(add),Single Bearing,Plastic,(add)
MPI,MX-100HP,(add),0.81,1.22,0.63,1.18,4.8,53.0,4.8,0.19,(add),Dual Bearings,(add),17.49
MPI,MX-460MG,(add),1.73,1.57,0.77,1.37,4.8,100.0,4.8,0.14,(add),Dual Bearings,(add),39.99
MPI,MX-890MG,(add),1.59,1.57,0.77,1.37,4.8,100.0,4.8,0.08,Coreless,Dual Bearings,(add),49.99
Multiplex,Cockpit V2,Digital,0.94,1.37,0.65,1.28,6.0,50.0,6.0,0.11,(add),(add),(add),55.54
Multiplex,Micro Digi,Digital,1.06,1.3,0.59,1.26,6.0,59.0,6.0,0.14,3-pole,Dual Bearings,Metal,71.79
Multiplex,Micro mc/V2,Digital,0.99,1.3,0.6,1.3,6.0,55.0,6.0,0.17,(add),(add),(add),93.05
Multiplex,Mini HD,Analog,1.52,1.6,0.8,1.4,6.0,51.0,6.0,0.15,3-pole,Bushing,Plastic,29.65
Multiplex,Power Digi,Digital,2.89,1.85,0.91,1.85,4.8,99.0,4.8,0.29,3-pole,Dual Bearings,Metal,109.37
Multiplex,Power Speed BB,Digital,2.89,1.85,0.91,1.85,4.8,85.0,4.8,0.29,(add),(add),(add),111.51
Multiplex,Profi BB FET,(add),1.69,1.4,0.75,1.5,4.8,64.0,4.8,0.17,(add),Single Bearing,(add),57.61
Multiplex,Profi Digi,Digital,1.69,1.42,0.75,1.54,4.8,62.0,4.8,0.15,3-pole,Dual Bearings,Metal,82.95
Multiplex,Profi Digi,Digital,1.69,1.42,0.75,1.54,6.0,78.0,6.0,0.12,3-pole,Dual Bearings,Metal,82.95
Multiplex,Profi mc/V2,Digital,1.70,1.4,0.8,1.5,4.8,68.0,4.8,0.17,(add),(add),(add),94.70
Multiplex,Profi mc/V2,Digital,1.70,1.4,0.8,1.5,6.0,75.0,6.0,0.14,(add),(add),(add),94.70
Multiplex,Profi Speed BB,Digital,1.69,1.42,0.75,1.54,6.0,59.0,6.0,0.09,3-pole,Dual Bearings,Metal,82.95
Multiplex,Profi Speed mc/V2,Digital,1.70,1.4,0.8,1.5,4.8,57.0,4.8,0.12,3-pole,Dual Bearings,Metal,93.19
Multiplex,Profi Speed mc/V2,Digital,1.70,1.4,0.8,1.5,6.0,62.0,6.0,0.1,3-pole,Dual Bearings,Metal,93.19
Multiplex,Royal BB,(add),1.62,1.6,0.8,1.6,4.8,64.0,4.8,0.15,(add),Single Bearing,(add),51.49
Multiplex,Royal Digi,Digital,1.62,1.57,0.83,1.61,4.8,64.0,4.8,0.15,3-pole,Dual Bearings,Plastic,66.23
Multiplex,Royal Digi,Digital,1.62,1.57,0.83,1.61,6.0,79.0,6.0,0.12,3-pole,Dual Bearings,Plastic,66.23
Multiplex,Royal mc/V2,Digital,1.60,1.6,0.8,1.6,4.8,71.0,4.8,0.15,(add),(add),(add),76.66
Multiplex,Royal mc/V2,Digital,1.60,1.6,0.8,1.6,6.0,78.0,6.0,0.13,(add),(add),(add),76.66
Multiplex,Slim-Star FL Digi,Digital,0.81,2.1,0.4,0.9,6.0,50.0,6.0,0.09,3-pole,Dual Bearings,Metal,(add)
Multiplex,Super FL Digi,(add),0.95,1.4,1.3,0.7,6.0,51.0,6.0,0.2,3-pole,Dual Bearings,Plastic,(add)
Multiplex,Titan Digi 4,Digital,1.86,1.6,0.8,1.5,4.8,95.0,4.8,0.14,Coreless,Dual Bearings,Plastic,(add)
Outrage,BL 9080,Digital,2.15,1.57,0.79,1.52,6.0,88.3,6.0,0.07,Brushless,Dual Bearings,Titanium,139.95
Outrage,BL 9088,Digital,2.15,1.57,0.79,1.52,6.0,63.5,6.0,0.05,Brushless,Dual Bearings,Titanium,144.95
Outrage,BL 9088,Digital,2.15,1.57,0.79,1.52,7.4,78.5,7.4,0.04,Brushless,Dual Bearings,Titanium,144.95
Outrage,BL 9088,Digital,2.15,1.57,0.79,1.52,8.4,91.6,8.4,0.03,Brushless,Dual Bearings,Titanium,144.95
Outrage,BL 9188,Digital,2.51,1.57,0.79,1.52,6.0,61.8,6.0,0.05,Brushless,Dual Bearings,Titanium,144.95
Outrage,BL 9188,Digital,2.51,1.57,0.79,1.52,7.4,76.3,7.4,0.04,Brushless,Dual Bearings,Titanium,144.95
Outrage,BL 9188,Digital,2.51,1.57,0.79,1.52,8.4,83.3,8.4,0.03,Brushless,Dual Bearings,Titanium,144.95
PingZheng,PZ-15138,Analog,1.34,1.58,0.79,1.42,4.8,52.8,4.8,0.21,(add),(add),Plastic,9.00
PingZheng,PZ-15138,Analog,1.34,1.58,0.79,1.42,6.0,59.7,6.0,0.17,(add),(add),Plastic,9.00
PingZheng,PZ-15268,Analog,1.73,1.58,0.79,1.5,6.0,84.0,6.0,0.16,(add),Dual Bearings,Metal,19.80
Power HD,DC-1219MG,Digital,1.57,1.61,0.8,1.0,4.8,100.0,4.8,0.1,(add),Dual Bearings,Metal,(add)
Power HD,DC-1240MG,Digital,0.91,1.38,0.59,1.15,6.0,62.5,6.0,0.11,(add),Dual Bearings,Metal,(add)
Power HD,HD-1810MG,Digital,0.56,0.9,0.47,1.16,6.0,54.2,6.0,0.13,(add),Single Bearing,Hybrid,15.50
Power HD,HD-2213MG,Digital,0.56,0.9,0.47,1.0,4.8,54.2,4.8,0.21,(add),Single Bearing,Hybrid,21.75
Power HD,HD-2213MG,Digital,0.56,0.9,0.47,1.0,6.0,63.9,6.0,0.16,(add),Single Bearing,Hybrid,21.75
Power HD,HD-2216MG,Digital,0.56,0.9,0.47,1.16,6.0,54.2,6.0,0.13,(add),Single Bearing,Metal,21.00
Power HD,HD-2400A,Analog,1.33,1.57,0.79,1.7,4.8,83.4,4.8,0.17,(add),(add),Plastic,12.95
Power HD,HD-3001HB,Analog,1.52,1.65,0.81,1.56,6.0,61.1,6.0,0.12,(add),Dual Bearings,Plastic,(add)
Power HD,HD-4180BB,Digital,1.45,1.6,0.79,1.46,6.0,57.0,6.0,0.17,3-pole,Dual Bearings,(add),12.90
Power HD,HD-4180MG,Digital,1.45,1.6,0.79,1.46,6.0,56.9,6.0,0.17,(add),Dual Bearings,Plastic,(add)
Power HD,HD-5680BB,Digital,1.48,1.58,0.79,1.47,6.0,80.5,6.0,0.12,(add),Dual Bearings,(add),(add)
Power HD,HD-5680MG,Digital,1.48,1.6,0.79,1.55,4.8,58.3,4.8,0.16,(add),Dual Bearings,Plastic,(add)
Power HD,HD-5680MG,Digital,1.48,1.6,0.79,1.55,6.0,90.3,6.0,0.14,(add),Dual Bearings,Plastic,(add)
Power HD,HD-6001HB,Analog,1.52,1.65,0.81,1.56,4.8,80.5,4.8,0.16,(add),Dual Bearings,Plastic,11.99
Power HD,HD-6001HB,Analog,1.52,1.65,0.81,1.56,6.0,93.0,6.0,0.14,(add),Dual Bearings,Plastic,11.99
Power HD,HD-6001MG,Analog,1.98,1.65,0.81,1.56,4.8,83.3,4.8,0.16,(add),Dual Bearings,Hybrid,(add)
Power HD,HD-6001MG,Analog,1.98,1.65,0.81,1.56,6.0,97.2,6.0,0.14,(add),Dual Bearings,Hybrid,(add)
Power HD,HD-7150MG,Digital,1.73,1.6,0.79,1.55,4.8,86.1,4.8,0.19,3-pole,Dual Bearings,Metal,28.50
Power HD,HD-7150MG,Digital,1.73,1.6,0.79,1.55,6.0,100.0,6.0,0.14,3-pole,Dual Bearings,Metal,28.50
Protech,B505,(add),2.19,1.61,0.79,1.57,4.8,76.0,4.8,0.22,(add),(add),(add),(add)
Protech,B505,(add),2.19,1.61,0.79,1.57,6.0,97.0,6.0,0.16,(add),(add),(add),(add)
Raiden,DAA-039,Digital,0.56,0.96,0.47,0.9,6.0,54.2,6.0,0.13,(add),(add),Metal,27.95
Raiden,DMA-046,Digital,0.56,0.96,0.47,0.9,6.0,64.1,6.0,0.16,(add),(add),Hybrid,26.95
RC-Tek,SDG-502MG,Digital,0.76,1.18,0.51,1.24,6.0,55.4,6.0,0.12,3-pole,Single Bearing,Metal,43.95
Robbe,FS 550 BB MG,Digital,0.75,1.18,0.51,1.24,6.0,58.3,6.0,0.16,(add),Single Bearing,Metal,(add)
Robbe,FS 555 BB MG,Digital,0.74,1.18,0.51,1.1,4.8,67.9,4.8,0.15,Coreless,Single Bearing,Metal,75.00
Robbe,FS 555 BB MG,Digital,0.74,1.18,0.51,1.1,6.0,79.3,6.0,0.12,Coreless,Single Bearing,Metal,75.00
Robbe,FS 70,Analog,0.63,1.16,0.47,1.02,6.0,50.7,6.0,0.13,(add),(add),Plastic,(add)
Robbe,FS 70 MG,Analog,0.71,1.16,0.47,1.02,6.0,50.7,6.0,0.13,(add),(add),Metal,(add)
Robbe,SDU 100,Analog,(add),,,,4.8,76.4,,,(add),Single Bearing,(add),(add)
Sanwa,94820,(add),1.04,1.26,0.63,1.24,4.8,76.4,4.8,0.22,(add),(add),(add),(add)
Sanwa,ERG-WG,Digital,2.08,1.54,0.79,1.47,6.0,83.3,6.0,0.09,(add),(add),(add),(add)
Sanwa,ERG-WRX,Digital,2.12,1.54,0.79,1.47,6.0,87.5,6.0,0.09,(add),(add),(add),(add)
Sanwa,RS-991,(add),2.05,1.54,0.79,1.47,6.0,76.4,6.0,0.08,(add),(add),(add),(add)
Sanwa,RS-995,(add),2.05,1.54,0.79,1.47,6.0,100.0,6.0,0.06,(add),(add),(add),(add)
Sanwa,SDX-751,(add),1.80,1.54,0.79,1.4,4.8,72.2,4.8,0.16,(add),(add),(add),(add)
Sanwa,SDX-752,(add),1.80,1.54,0.79,1.4,4.8,72.2,4.8,0.16,(add),(add),(add),(add)
Sanwa,SDX-755,(add),2.05,1.54,0.79,1.4,6.0,80.6,6.0,0.11,(add),(add),(add),(add)
Sanwa,SDX-757,(add),2.08,1.54,0.79,1.47,6.0,97.2,4.8,0.11,(add),(add),(add),(add)
Sanwa,SDX-762,(add),0.80,1.06,0.48,1.12,4.8,54.2,4.8,0.15,(add),(add),(add),(add)
Sanwa,SDX-771,(add),1.98,1.54,0.79,1.47,4.8,91.7,4.8,0.13,(add),(add),(add),(add)
Sanwa,SDX-801,(add),1.76,1.59,0.83,1.04,6.0,88.9,4.8,0.08,(add),(add),(add),(add)
Sanwa,SDX-851,(add),1.76,1.59,0.83,1.04,4.8,65.3,4.8,0.1,(add),(add),(add),(add)
Sanwa,SPEC-APZ,(add),1.80,1.54,0.79,1.4,4.8,55.6,4.8,0.2,(add),(add),(add),(add)
Sanwa,SPEC-SZ,(add),1.76,1.54,0.79,1.4,6.0,58.3,6.0,0.16,(add),(add),(add),(add)
Sanwa,SRM-1422Z,(add),1.69,1.74,0.87,0.92,4.8,55.6,4.8,0.16,(add),(add),(add),(add)
Sanwa,SRM-1424Z,(add),1.59,1.74,0.87,0.92,4.8,76.4,4.8,0.48,(add),(add),(add),(add)
Sanwa,SRM-1431Z,(add),1.80,1.54,0.79,1.4,4.8,76.4,4.8,0.17,(add),(add),(add),(add)
Sanwa,SRM-1451Z,(add),1.94,1.54,0.79,1.47,4.8,87.5,4.8,0.15,(add),(add),(add),(add)
Sanwa,SX-112,(add),1.59,1.54,0.79,1.42,6.0,55.6,6.0,0.14,(add),Bushing,(add),(add)
Sanwa,SX-1462Z,(add),2.08,1.54,0.79,1.47,4.8,84.7,4.8,0.12,(add),(add),(add),(add)
Savx,SC-0254,Digital,1.73,1.6,0.79,1.55,6.0,99.9,6.0,0.14,Brushed,Dual Bearings,Hybrid,36.99
Savx,SC-0351,Digital,1.45,1.6,0.79,1.46,6.0,56.9,6.0,0.17,Brushed,Dual Bearings,Plastic,(add)
Savx,SC-0352,Digital,1.48,1.6,0.79,1.55,4.8,58.3,4.8,0.16,Brushed,Dual Bearings,Plastic,27.99
Savx,SC-0352,Digital,1.48,1.6,0.79,1.55,6.0,90.3,6.0,0.13,Brushed,Dual Bearings,Plastic,27.99
Savx,SH-0254,Digital,0.56,0.9,0.47,1.16,6.0,54.1,6.0,0.13,Brushed,Single Bearing,Hybrid,25.00
Savx,SH-0255,Digital,0.56,0.9,0.47,1.16,6.0,54.1,6.0,0.13,Brushed,Single Bearing,Metal,32.99
Savx,SH-0256,Digital,0.56,0.9,0.47,1.16,6.0,63.8,6.0,0.16,Brushed,Single Bearing,Hybrid,29.95
Savx,SH-1290MG,Digital,1.98,1.59,0.79,1.47,4.8,56.6,4.8,0.06,Brushed,Dual Bearings,Metal,68.99
Savx,SH-1290MG,Digital,1.98,1.59,0.79,1.47,6.0,70.8,6.0,0.05,Brushed,Dual Bearings,Metal,68.99
Savx,SH-1350,Digital,0.92,1.38,0.59,1.15,6.0,63.9,6.0,0.11,Brushed,Dual Bearings,Plastic,(add)
Scanner RC,HDS-9866MG,Digital,1.69,1.6,0.78,1.52,4.8,82.0,4.8,0.11,(add),(add),Metal,(add)
Scanner RC,SSV-9320MG,Analog,0.71,1.2,0.5,1.05,4.8,50.0,4.8,0.15,(add),(add),Metal,(add)
Scanner RC,SSV-9320MG,Analog,0.71,1.2,0.5,1.05,6.0,58.0,6.0,0.13,(add),(add),Metal,(add)
Scanner RC,SSV-9450HMG,Digital,0.81,1.16,0.51,1.02,4.8,78.0,4.8,0.18,(add),(add),Metal,(add)
Scanner RC,SSV-9450HMG,Digital,0.81,1.16,0.51,1.02,6.0,97.0,6.0,0.16,(add),(add),Metal,(add)
Scanner RC,SSV-9452HMG,Digital,0.81,1.16,0.51,1.02,6.0,54.0,6.0,0.08,(add),(add),Metal,(add)
Scanner RC,SSV-9612MG,Analog,1.20,1.65,0.78,0.87,4.8,74.0,4.8,0.13,(add),Dual Bearings,Metal,(add)
Scanner RC,SSV-9612MG,Analog,1.20,1.65,0.78,0.87,6.0,90.0,6.0,0.11,(add),Dual Bearings,Metal,(add)
Scanner RC,SSV-9704,Analog,1.48,1.6,0.78,1.54,4.8,54.0,4.8,0.23,(add),Bushing,Plastic,(add)
Scanner RC,SSV-9704,Analog,1.48,1.6,0.78,1.54,6.0,60.0,6.0,0.21,(add),Bushing,Plastic,(add)
Scanner RC,SSV-9726,Analog,1.48,1.6,0.78,1.54,4.8,97.0,4.8,0.13,(add),Single Bearing,Plastic,(add)
Scanner RC,SSV-9766MG,Analog,1.69,1.6,0.78,1.54,4.8,97.0,4.8,0.11,(add),Dual Bearings,Metal,(add)
Scanner RC,SSV-9846MG,Digital,1.59,1.6,0.78,1.52,4.8,70.0,4.8,0.15,(add),(add),Metal,(add)
Scanner RC,SSV-9846MG,Digital,1.59,1.6,0.78,1.52,6.0,84.0,6.0,0.13,(add),(add),Metal,(add)
SkyHolic,DGS-288,Digital,1.62,1.57,0.79,1.34,4.8,83.3,4.8,0.12,Brushed,Dual Bearings,Metal,(add)
SkyHolic,DGS-288,Digital,1.62,1.57,0.79,1.34,7.4,97.2,7.4,0.1,Brushed,Dual Bearings,Metal,(add)
SkyHolic,HDS-377,Digital,1.39,1.46,0.71,1.18,4.8,62.5,4.8,0.12,Brushed,Dual Bearings,Metal,(add)
SkyHolic,HDS-377,Digital,1.39,1.46,0.71,1.18,6.0,66.7,6.0,0.1,Brushed,Dual Bearings,Metal,(add)
SkyHolic,HDS-477,Digital,1.15,1.22,0.59,1.2,4.8,55.5,4.8,0.12,Brushed,Single Bearing,Metal,(add)
SkyHolic,HDS-477,Digital,1.15,1.22,0.59,1.2,6.0,62.5,6.0,0.1,Brushed,Single Bearing,Metal,(add)
SkyHolic,HDS-577,Digital,0.69,1.1,0.53,1.1,4.8,55.5,4.8,0.12,Brushed,Bushing,Metal,(add)
SkyHolic,HDS-577,Digital,0.69,1.1,0.53,1.1,6.0,62.5,6.0,0.1,Brushed,Bushing,Metal,(add)
Spektrum,A6000,Digital,1.48,1.6,0.8,1.5,6.0,90.0,6.0,0.14,Brushed,Dual Bearings,Plastic,29.99
Spektrum,A6010,Digital,1.73,1.6,0.8,1.5,6.0,100.0,6.0,0.14,Brushed,Dual Bearings,Metal,39.99
Spektrum,H5000,Digital,0.92,1.4,0.6,1.1,6.0,64.0,6.0,0.11,Coreless,Dual Bearings,Plastic,54.99
Spektrum,H5010,Digital,1.04,1.38,0.59,1.14,6.0,63.9,6.0,0.11,Coreless,Dual Bearings,Metal,67.99
Spektrum,H6010,Digital,1.73,1.61,0.79,1.54,6.0,100.0,6.0,0.14,Brushed,Dual Bearings,Metal,39.99
Spektrum,S6000,Digital,1.48,1.6,0.8,1.5,6.0,90.0,6.0,0.14,Brushed,Dual Bearings,Plastic,29.99
Spektrum,S6010,Digital,1.73,1.6,0.8,1.5,6.0,100.0,6.0,0.14,Brushed,Dual Bearings,Metal,39.99
Spektrum,S6070,Digital,1.57,1.61,0.8,1.0,4.8,97.2,4.8,0.1,Coreless,Dual Bearings,Metal,79.99
SpringRC,SM-S3471M,Digital,1.06,1.4,0.6,1.19,6.0,55.5,6.0,0.06,Coreless,Dual Bearings,Metal,25.10
SpringRC,SM-S3481M,Digital,1.06,1.4,0.6,1.19,4.8,69.4,4.8,0.1,Coreless,Dual Bearings,Metal,26.43
SpringRC,SM-S3481M,Digital,1.06,1.4,0.6,1.19,6.0,86.1,6.0,0.08,Coreless,Dual Bearings,Metal,26.43
SpringRC,SM-S4303B,Analog,1.55,1.65,0.81,1.56,6.0,60.6,6.0,0.14,(add),Dual Bearings,Plastic,(add)
SpringRC,SM-S4303R,Analog,1.55,1.65,0.81,1.56,6.0,66.7,6.0,0.14,(add),Dual Bearings,Hybrid,(add)
SpringRC,SM-S4303S,Analog,1.41,1.65,0.81,1.56,6.0,57.8,6.0,0.18,(add),Bushing,Hybrid,(add)
SpringRC,SM-S4306B,Analog,1.55,1.65,0.81,1.56,4.8,79.8,4.8,0.18,(add),Dual Bearings,Plastic,(add)
SpringRC,SM-S4306B,Analog,1.55,1.65,0.81,1.56,6.0,92.2,6.0,0.16,(add),Dual Bearings,Plastic,(add)
SpringRC,SM-S4306H,Analog,2.01,1.65,0.81,1.56,4.8,79.8,4.8,0.18,(add),Dual Bearings,Hybrid,(add)
SpringRC,SM-S4306H,Analog,2.01,1.65,0.81,1.56,6.0,95.0,6.0,0.16,(add),Dual Bearings,Hybrid,(add)
SpringRC,SM-S4306R,Analog,1.55,1.65,0.81,1.56,4.8,69.4,4.8,0.2,(add),Dual Bearings,Hybrid,(add)
SpringRC,SM-S4306R,Analog,1.55,1.65,0.81,1.56,6.0,86.1,6.0,0.17,(add),Dual Bearings,Hybrid,(add)
SpringRC,SM-S4461M,Digital,1.41,1.59,0.8,1.46,4.8,82.8,4.8,0.16,Coreless,Dual Bearings,Metal,27.72
SpringRC,SM-S4461M,Digital,1.41,1.59,0.8,1.46,6.0,93.8,6.0,0.14,Coreless,Dual Bearings,Metal,27.72
SpringRC,SR-401P,Analog,1.55,1.58,0.8,1.63,6.0,52.8,6.0,0.18,(add),Single Bearing,Plastic,(add)
SpringRC,SR-401P,Analog,1.55,1.58,0.8,1.63,7.4,57.8,7.4,0.16,(add),Single Bearing,Plastic,(add)
SpringRC,SR430,Analog,1.55,1.65,0.81,1.56,6.0,73.6,6.0,0.16,(add),Dual Bearings,Hybrid,(add)
Tower Hobbies,TS-115,Digital,0.60,1.2,0.5,1.1,4.8,50.0,4.8,0.2,(add),Single Bearing,Metal,29.99
Tower Hobbies,TS-115,Digital,0.60,1.2,0.5,1.1,6.0,58.0,6.0,0.16,(add),Single Bearing,Metal,29.99
Tower Hobbies,TS-126,Digital,1.40,1.5,0.8,1.4,4.8,61.0,4.8,0.23,(add),(add),Plastic,24.99
Tower Hobbies,TS-126,Digital,1.40,1.5,0.8,1.4,6.0,76.0,6.0,0.18,(add),(add),Plastic,24.99
Tower Hobbies,TS-140,Digital,1.90,1.6,0.8,1.5,4.8,65.0,4.8,0.18,(add),Dual Bearings,Metal,34.99
Tower Hobbies,TS-140,Digital,1.90,1.6,0.8,1.5,6.0,82.0,6.0,0.13,(add),Dual Bearings,Metal,34.99
Tower Hobbies,TS-35,(add),0.95,1.3,0.71,1.18,4.8,56.0,4.8,0.14,(add),Single Bearing,(add),19.99
Tower Hobbies,TS-35,(add),0.95,1.3,0.71,1.18,6.0,67.0,6.0,0.11,(add),Single Bearing,(add),19.99
Tower Hobbies,TS-35MG,(add),1.09,1.3,0.7,1.2,4.8,55.0,4.8,0.14,(add),Single Bearing,Metal,24.99
Tower Hobbies,TS-35MG,(add),1.09,1.3,0.7,1.2,6.0,67.0,6.0,0.11,(add),Single Bearing,Metal,24.99
Tower Hobbies,TS-59,(add),1.20,1.7,0.9,1.0,4.8,61.6,4.8,0.18,(add),Single Bearing,Metal,23.99
Tower Hobbies,TS-59,(add),1.20,1.7,0.9,1.0,6.0,77.0,6.0,0.14,(add),Single Bearing,Metal,23.99
Tower Hobbies,TS-63,(add),1.20,1.7,0.9,1.0,4.8,90.0,4.8,0.5,(add),Single Bearing,(add),29.99
Tower Hobbies,TS-64,(add),1.73,1.6,0.8,1.5,4.8,69.0,4.8,0.18,3-pole,Dual Bearings,(add),25.99
Tower Hobbies,TS-64,(add),1.73,1.6,0.8,1.5,6.0,83.0,6.0,0.15,3-pole,Dual Bearings,(add),25.99
Tower Hobbies,TS-65,(add),1.73,1.6,0.8,1.5,4.8,77.0,4.8,0.16,(add),(add),Plastic,29.99
Tower Hobbies,TS-67,(add),1.61,1.6,0.8,1.4,6.0,52.0,6.0,0.17,(add),Dual Bearings,(add),14.99
TowerPro,MG930,Digital,0.92,1.43,0.6,1.13,4.8,50.0,4.8,0.14,(add),Dual Bearings,Metal,(add)
TowerPro,MG930,Digital,0.92,1.43,0.6,1.13,6.0,62.5,6.0,0.11,(add),Dual Bearings,Metal,(add)
TowerPro,MG955H,Analog,1.94,1.6,0.78,1.69,4.8,97.2,4.8,0.17,3-pole,Dual Bearings,Metal,20.90
TowerPro,SG-5010,Digital,1.66,1.6,0.81,1.5,4.8,76.4,4.8,0.19,(add),Dual Bearings,Plastic,4.99
TowerPro,SG-5010,Digital,1.66,1.6,0.81,1.5,6.0,90.3,6.0,0.15,(add),Dual Bearings,Plastic,4.99
Traxxas,2018,Analog,1.50,1.59,0.77,1.58,6.0,72.0,6.0,0.22,(add),Bushing,Plastic,21.69
Traxxas,2055,Analog,1.59,1.6,0.8,1.43,6.0,86.0,6.0,0.2,Brushed,Bushing,Plastic,24.99
Traxxas,2056,Analog,1.59,2.17,0.79,1.69,6.0,80.0,6.0,0.23,Brushed,Single Bearing,Plastic,33.95
Turnigy,BMS-380MAX,Analog,0.61,1.02,0.51,1.02,4.8,56.9,4.8,0.16,(add),Single Bearing,Metal,26.50
Turnigy,BMS-380MAX,Analog,0.61,1.02,0.51,1.02,6.0,65.3,6.0,0.14,(add),Single Bearing,Metal,26.50
Turnigy,BMS-380MG,Analog,0.55,1.02,0.51,1.02,4.8,50.0,4.8,0.15,(add),Single Bearing,Metal,21.50
Turnigy,BMS-380MG,Analog,0.55,1.02,0.51,1.02,6.0,58.3,6.0,0.14,(add),Single Bearing,Metal,21.50
Turnigy,BMS-555MG,Analog,0.81,1.18,0.39,1.34,4.8,58.3,4.8,0.15,3-pole,Dual Bearings,Metal,19.99
Turnigy,BMS-555MG,Analog,0.81,1.18,0.39,1.34,6.0,65.3,6.0,0.13,3-pole,Dual Bearings,Metal,19.99
Turnigy,TGY-390DMH,Digital,0.79,1.14,0.51,1.18,4.8,63.9,4.8,0.14,Coreless,Dual Bearings,Metal,28.99
Turnigy,TGY-390DMH,Digital,0.79,1.14,0.51,1.18,6.0,75.0,6.0,0.11,Coreless,Dual Bearings,Metal,28.99
Turnigy,TGY-930,Digital,0.92,1.42,0.59,1.3,4.8,50.0,6.0,0.14,(add),Dual Bearings,Metal,13.99
Turnigy,TGY-MG930,Digital,0.92,1.42,0.6,1.13,4.8,50.0,4.8,0.14,(add),Dual Bearings,Metal,13.99
Turnigy,TGY-MG930,Digital,0.92,1.42,0.6,1.13,6.0,62.5,6.0,0.11,(add),Dual Bearings,Metal,13.99
Viverrine,VSD810,Digital,0.56,0.9,0.47,1.16,6.0,54.2,6.0,0.13,(add),(add),Hybrid,(add)
Volz,DA 10-05-42,Digital,0.67,1.03,0.39,1.49,5.0,59.5,5.0,0.14,(add),(add),Metal,(add)
Volz,DA 13-05-60,Digital,0.67,1.12,0.51,1.12,5.0,85.0,5.0,0.18,(add),(add),Metal,(add)
Volz,DA 15-05-60,Digital,0.91,1.28,0.57,1.55,5.0,85.0,5.0,0.18,(add),(add),Metal,(add)
Volz,Micro Maxx X,Digital,0.67,1.12,0.51,1.12,4.8,56.0,4.8,0.18,(add),Single Bearing,Metal,(add)
Volz,Micro Maxx X,Digital,0.67,1.12,0.51,1.12,6.0,67.0,6.0,0.13,(add),Single Bearing,Metal,(add)
Volz,Micro Maxx XP,Digital,0.67,1.12,0.51,1.12,4.8,67.0,4.8,0.18,(add),Single Bearing,Metal,145.00
Volz,Micro Maxx XP,Digital,0.67,1.12,0.51,1.12,6.0,82.0,6.0,0.13,(add),Single Bearing,Metal,145.00
Volz,Speed Maxx XP,Digital,0.67,1.12,0.51,1.12,4.8,67.0,4.8,0.1,(add),Single Bearing,Metal,(add)
Volz,Speed Maxx XP,Digital,0.67,1.12,0.51,1.12,6.0,82.0,6.0,0.09,(add),Single Bearing,Metal,(add)
Volz,Wing Maxx HP ,Digital,0.67,1.17,0.39,1.49,4.8,51.0,4.8,0.15,(add),Single Bearing,Metal,(add)
Volz,Wing Maxx HP ,Digital,0.67,1.17,0.39,1.49,6.0,59.0,6.0,0.11,(add),Single Bearing,Metal,(add)
Walkera,WK-020-2,Analog,0.66,1.12,0.53,1.17,4.8,83.3,4.8,0.16,(add),(add),Metal,21.00
Walkera,WK-2001,Digital,0.66,1.12,0.53,1.17,4.8,83.3,4.8,0.16,(add),(add),(add),(add)
Waypoint,W-150 Power,Analog,0.58,1.16,0.51,1.02,4.8,54.0,4.8,0.15,3-pole,(add),Metal,(add)
Waypoint,W-150MG,Analog,0.55,1.16,0.51,1.02,4.8,50.0,4.8,0.15,3-pole,(add),Metal,21.50
Waypoint,W-150MGR,Analog,0.57,1.16,0.51,1.02,4.8,52.0,4.8,0.19,3-pole,(add),Metal,(add)
Waypoint,W-1631,Analog,1.52,1.6,0.78,1.54,6.0,89.0,6.0,0.08,(add),Dual Bearings,Plastic,(add)
Waypoint,W-1631MG,Analog,1.62,1.6,0.78,1.54,6.0,89.0,6.0,0.08,(add),Dual Bearings,Metal,(add)
Waypoint,W-1706MS,Analog,1.13,1.65,0.85,0.87,6.0,73.0,6.0,0.11,(add),Dual Bearings,Metal,(add)
Xcore,X0907,Digital,1.62,1.58,0.79,1.04,4.8,97.2,4.8,0.09,Coreless,Dual Bearings,Metal,54.99
Xcore,XDF-1,Digital,2.12,1.61,0.79,1.35,4.8,97.2,4.8,0.1,Coreless,Dual Bearings,Metal,(add)
XQ-Power,XQ-RS3003S,Analog,1.27,1.61,0.79,1.5,6.0,54.1,6.0,0.16,Brushed,Dual Bearings,Plastic,(add)
XQ-Power,XQ-S3003S,Analog,1.27,1.61,0.79,1.5,6.0,54.1,6.0,0.16,Brushed,Bushing,Plastic,(add)
XQ-Power,XQ-S3006M,Analog,1.83,1.61,0.82,1.5,4.8,83.3,4.8,0.18,Brushed,Dual Bearings,Metal,(add)
XQ-Power,XQ-S3006M,Analog,1.83,1.61,0.82,1.5,6.0,94.4,6.0,0.16,Brushed,Dual Bearings,Metal,(add)
XQ-Power,XQ-S3006S,Analog,1.41,1.61,0.79,1.5,4.8,80.5,4.8,0.18,Brushed,Dual Bearings,Plastic,(add)
XQ-Power,XQ-S3006S,Analog,1.41,1.61,0.79,1.5,6.0,88.8,6.0,0.16,Brushed,Dual Bearings,Plastic,(add)
XQ-Power,XQ-S3007B,Analog,1.06,1.58,0.91,0.97,4.8,94.4,4.8,0.5,Brushed,Dual Bearings,Plastic,(add)
XQ-Power,XQ-S3008D,Digital,1.62,1.58,0.79,0.99,4.8,97.2,4.8,0.12,Coreless,Dual Bearings,Metal,(add)
XTM Racing,X-77 MGHS ,(add),0.62,,,,4.8,77.0,4.8,0.15,(add),(add),Metal,21.99
Zebra,ZS-S2113,Analog,1.52,1.58,0.79,1.44,6.0,52.8,6.0,0.14,Brushed,Bushing,Plastic,(add)
